query_id,doc_id,raw_tokens,retained_tokens,truncated,original_rank,reranked_rank,logit,relevant
881,14803797,387,387,False,1,1,4.768519401550293,1
881,6327940,645,512,True,2,3,-3.1821370124816895,0
881,12709184,523,512,True,3,5,-6.626399517059326,0
881,6793674,435,435,False,4,4,-3.529895782470703,0
881,33684572,485,485,False,5,2,-2.022571563720703,0
881,5687200,663,512,True,6,7,-7.292017936706543,0
881,15615957,539,512,True,7,8,-7.559176921844482,0
881,44693226,327,327,False,8,13,-8.36179256439209,0
881,35828148,319,319,False,9,18,-8.672533988952637,0
881,23245050,339,339,False,10,33,-9.92752456665039,0
881,22995164,379,379,False,11,17,-8.624414443969727,0
881,29148743,450,450,False,12,15,-8.542701721191406,0
881,168265642,532,512,True,13,10,-7.846712589263916,0
881,10557471,400,400,False,14,24,-9.132372856140137,0
881,25135304,460,460,False,15,21,-9.02038860321045,0
881,21623140,601,512,True,16,34,-9.934408187866211,0
881,23100962,391,391,False,17,9,-7.732173919677734,0
881,22059387,399,399,False,18,28,-9.502442359924316,0
881,21993510,352,352,False,19,43,-10.631603240966797,0
881,23369842,344,344,False,20,37,-10.19083309173584,0
881,29460384,543,512,True,21,23,-9.097686767578125,0
881,24273592,653,512,True,22,38,-10.252948760986328,0
881,4463811,302,302,False,23,20,-8.845901489257812,0
881,71341302,367,367,False,24,14,-8.47974681854248,0
881,35962023,349,349,False,25,35,-9.946024894714355,0
881,2295434,475,475,False,26,44,-10.684013366699219,0
881,26652147,489,489,False,27,27,-9.46749496459961,0
881,21297708,358,358,False,28,31,-9.717193603515625,0
881,11181416,341,341,False,29,16,-8.565049171447754,0
881,13380011,400,400,False,30,30,-9.71462345123291,0
881,12943966,491,491,False,31,41,-10.37010669708252,0
881,21547032,502,502,False,32,26,-9.255821228027344,0
881,44624045,480,480,False,33,6,-7.210780143737793,0
881,36654066,394,394,False,34,11,-7.891780376434326,0
881,37336085,540,512,True,35,19,-8.758647918701172,0
881,46328296,284,284,False,36,29,-9.517520904541016,0
881,39187170,541,512,True,37,22,-9.051076889038086,0
881,25974070,414,414,False,38,32,-9.732522964477539,0
881,1428830,258,258,False,39,48,-10.937019348144531,0
881,39048693,244,244,False,40,49,-11.002928733825684,0
881,41310252,361,361,False,41,39,-10.312318801879883,0
881,15419873,286,286,False,42,50,-11.011791229248047,0
881,12994780,506,506,False,43,12,-8.315165519714355,0
881,36991551,433,433,False,44,36,-10.129435539245605,0
881,33918970,374,374,False,45,40,-10.356524467468262,0
881,24594624,453,453,False,46,25,-9.230875968933105,0
881,6636088,377,377,False,47,47,-10.914024353027344,0
881,41925568,325,325,False,48,46,-10.804752349853516,0
881,41915616,281,281,False,49,45,-10.747224807739258,0
881,32975424,183,183,False,50,42,-10.595882415771484,0
1125,21009874,550,512,True,1,1,3.658378839492798,1
1125,36480032,306,306,False,2,24,-5.9548659324646,0
1125,9056874,198,198,False,3,2,-2.395928144454956,0
1125,9767444,435,435,False,4,12,-3.9165499210357666,0
1125,9977329,194,194,False,5,27,-6.389568328857422,0
1125,13952658,185,185,False,6,11,-3.872868299484253,0
1125,25589047,590,512,True,7,9,-3.6299970149993896,0
1125,38886345,945,512,True,8,35,-7.5475263595581055,0
1125,2947124,231,231,False,9,47,-9.3120698928833,0
1125,7986878,478,478,False,10,15,-4.736587047576904,0
1125,1032372,244,244,False,11,17,-5.092330455780029,0
1125,195683603,269,269,False,12,22,-5.716101169586182,0
1125,5406411,233,233,False,13,30,-7.0064287185668945,0
1125,5035827,245,245,False,14,19,-5.263829708099365,0
1125,2030623,412,412,False,15,5,-2.8487696647644043,0
1125,22635278,340,340,False,16,14,-4.557905197143555,0
1125,11481946,172,172,False,17,7,-3.1781816482543945,0
1125,27264454,557,512,True,18,34,-7.450436592102051,0
1125,24917562,474,474,False,19,4,-2.532308340072632,0
1125,24726600,347,347,False,20,3,-2.400360584259033,0
1125,4530659,244,244,False,21,33,-7.422063827514648,0
1125,12236208,404,404,False,22,8,-3.574599504470825,0
1125,11335781,263,263,False,23,23,-5.821001052856445,0
1125,11156883,301,301,False,24,16,-4.838153839111328,0
1125,14664424,485,485,False,25,37,-7.705002784729004,0
1125,28392393,333,333,False,26,45,-8.94209098815918,0
1125,43122426,391,391,False,27,42,-8.234240531921387,0
1125,3376731,339,339,False,28,38,-7.890933513641357,0
1125,9285396,422,422,False,29,32,-7.303215026855469,0
1125,10162553,426,426,False,30,13,-4.300358295440674,0
1125,4911006,442,442,False,31,20,-5.383850574493408,0
1125,24581365,489,489,False,32,18,-5.165865421295166,0
1125,19130782,337,337,False,33,40,-8.028709411621094,0
1125,26314743,500,500,False,34,10,-3.7214982509613037,0
1125,15435343,500,500,False,35,28,-6.513095855712891,0
1125,27240667,392,392,False,36,6,-3.174591541290283,0
1125,2474731,288,288,False,37,49,-10.188775062561035,0
1125,7975937,291,291,False,38,41,-8.209497451782227,0
1125,10209731,472,472,False,39,48,-9.57807731628418,0
1125,3878434,401,401,False,40,21,-5.531786918640137,0
1125,24735908,655,512,True,41,43,-8.35371208190918,0
1125,35301079,611,512,True,42,29,-6.5808916091918945,0
1125,8604837,294,294,False,43,36,-7.685580253601074,0
1125,5386514,392,392,False,44,31,-7.283825874328613,0
1125,9646449,326,326,False,45,50,-10.295501708984375,0
1125,3471191,858,512,True,46,39,-7.906479358673096,0
1125,19464037,546,512,True,47,26,-6.273768901824951,0
1125,36749390,468,468,False,48,46,-8.990396499633789,0
1125,9846940,643,512,True,49,25,-6.041974067687988,0
1125,15405204,294,294,False,50,44,-8.894031524658203,0
1309,10906636,472,472,False,1,4,-4.099305152893066,0
1309,1574014,407,407,False,2,2,-2.6061620712280273,0
1309,14719322,385,385,False,3,28,-7.907217025756836,0
1309,35395662,283,283,False,4,6,-4.5782470703125,0
1309,26688294,346,346,False,5,13,-5.810889720916748,0
1309,12932176,410,410,False,6,21,-6.944109916687012,0
1309,19603353,204,204,False,7,32,-8.380207061767578,0
1309,4469125,385,385,False,8,12,-5.776505947113037,0
1309,116792,446,446,False,9,18,-6.761493682861328,0
1309,34016944,552,512,True,10,1,-2.220466136932373,0
1309,27815697,229,229,False,11,50,-11.182129859924316,0
1309,10790846,448,448,False,12,14,-6.078579902648926,0
1309,9433958,282,282,False,13,48,-10.725815773010254,0
1309,18231807,261,261,False,14,9,-5.108014106750488,1
1309,6625693,330,330,False,15,24,-7.47730016708374,0
1309,13639330,249,249,False,16,11,-5.485110282897949,0
1309,9197786,339,339,False,17,39,-9.297111511230469,0
1309,37549932,219,219,False,18,8,-5.089566230773926,0
1309,23078022,384,384,False,19,5,-4.123421669006348,0
1309,19571273,461,461,False,20,10,-5.462038993835449,0
1309,6163801,244,244,False,21,40,-9.470329284667969,0
1309,10555591,247,247,False,22,36,-9.11190414428711,0
1309,317204,500,500,False,23,33,-8.385641098022461,0
1309,25842866,491,491,False,24,26,-7.552579879760742,0
1309,994800,310,310,False,25,38,-9.276222229003906,0
1309,14171859,305,305,False,26,7,-4.962340354919434,0
1309,3140772,402,402,False,27,35,-8.923140525817871,0
1309,23076291,533,512,True,28,22,-7.058774948120117,0
1309,43419566,205,205,False,29,17,-6.569488048553467,0
1309,28724565,406,406,False,30,45,-10.060739517211914,0
1309,30437264,274,274,False,31,43,-9.765268325805664,0
1309,1344498,322,322,False,32,29,-7.908785820007324,0
1309,54482327,296,296,False,33,27,-7.707714080810547,0
1309,13283919,310,310,False,34,49,-11.022122383117676,0
1309,36432234,316,316,False,35,34,-8.610386848449707,0
1309,13867350,266,266,False,36,42,-9.554496765136719,0
1309,21564598,505,505,False,37,3,-3.2953412532806396,0
1309,32611468,359,359,False,38,37,-9.212540626525879,0
1309,11254556,587,512,True,39,25,-7.548501014709473,0
1309,38143689,447,447,False,40,16,-6.234463691711426,0
1309,6493422,253,253,False,41,30,-8.000017166137695,0
1309,1275505,381,381,False,42,23,-7.369787216186523,0
1309,39763465,245,245,False,43,44,-9.881826400756836,0
1309,12086818,454,454,False,44,19,-6.807527542114258,0
1309,4611267,419,419,False,45,15,-6.201010227203369,0
1309,10354110,195,195,False,46,47,-10.615299224853516,0
1309,4387484,408,408,False,47,41,-9.553289413452148,0
1309,27569370,251,251,False,48,46,-10.235128402709961,0
1309,44408494,341,341,False,49,20,-6.874289512634277,0
1309,41877386,541,512,True,50,31,-8.363237380981445,0
201,2462673,309,309,False,1,1,8.71003532409668,1
201,35651106,244,244,False,2,3,2.3937859535217285,0
201,13868795,321,321,False,3,4,1.986726999282837,0
201,28006126,315,315,False,4,2,2.693859577178955,0
201,8038329,449,449,False,5,15,-0.7234153747558594,0
201,7343711,227,227,False,6,9,0.3022415339946747,0
201,18231807,264,264,False,7,11,-0.19177603721618652,0
201,29015485,425,425,False,8,17,-1.1459084749221802,0
201,22997657,316,316,False,9,6,0.8920111656188965,0
201,12100963,248,248,False,10,10,0.23522114753723145,0
201,3952288,312,312,False,11,5,1.723379373550415,0
201,40590358,418,418,False,12,8,0.3342615067958832,0
201,40473317,343,343,False,13,12,-0.49196112155914307,0
201,6123924,312,312,False,14,22,-1.40172278881073,0
201,29347970,263,263,False,15,13,-0.5391574501991272,0
201,18237384,276,276,False,16,31,-2.740081787109375,0
201,39539647,438,438,False,17,25,-1.9999146461486816,0
201,46926352,214,214,False,18,28,-2.2278389930725098,0
201,18488986,423,423,False,19,34,-3.2790579795837402,0
201,23460562,335,335,False,20,30,-2.687391757965088,0
201,6936141,413,413,False,21,38,-3.541433572769165,0
201,4380287,404,404,False,22,16,-0.8516165018081665,0
201,13398997,389,389,False,23,18,-1.149599552154541,0
201,41877386,544,512,True,24,29,-2.511493682861328,0
201,13231899,393,393,False,25,27,-2.0994162559509277,0
201,38502066,274,274,False,26,40,-3.793628454208374,0
201,2388819,229,229,False,27,21,-1.3286080360412598,0
201,5508750,220,220,False,28,48,-5.977095127105713,0
201,22874817,295,295,False,29,33,-3.137131690979004,0
201,21392223,454,454,False,30,39,-3.5947518348693848,0
201,32101982,286,286,False,31,7,0.8195730447769165,0
201,14386505,391,391,False,32,14,-0.6697182059288025,0
201,266641,326,326,False,33,35,-3.3867027759552,0
201,9909405,346,346,False,34,49,-6.376619815826416,0
201,3155731,175,175,False,35,42,-3.9465463161468506,0
201,29288582,392,392,False,36,47,-5.654770851135254,0
201,4270992,250,250,False,37,45,-4.627669334411621,0
201,10562341,387,387,False,38,19,-1.2752888202667236,0
201,8903143,354,354,False,39,32,-2.9723968505859375,0
201,6609935,297,297,False,40,50,-7.248039245605469,0
201,6961811,231,231,False,41,46,-5.025506973266602,0
201,17017465,264,264,False,42,36,-3.4750425815582275,0
201,21185923,255,255,False,43,20,-1.280158281326294,0
201,18758057,507,507,False,44,23,-1.9274318218231201,0
201,27567994,307,307,False,45,44,-4.068904876708984,0
201,13636631,170,170,False,46,43,-4.045456409454346,0
201,2714623,227,227,False,47,41,-3.9432806968688965,0
201,34905328,244,244,False,48,24,-1.972372055053711,0
201,2248870,245,245,False,49,26,-2.034026622772217,0
201,24069089,269,269,False,50,37,-3.4928576946258545,0
1193,14865329,277,277,False,1,4,-2.237281322479248,0
1193,20532591,205,205,False,2,1,-0.6677667498588562,1
1193,17973161,407,407,False,3,2,-1.0301002264022827,0
1193,19205437,355,355,False,4,3,-1.0496447086334229,0
1193,29381091,291,291,False,5,7,-4.031136989593506,0
1193,79447,425,425,False,6,5,-3.4132914543151855,0
1193,27686445,422,422,False,7,17,-6.259613990783691,0
1193,26902591,268,268,False,8,13,-5.590885162353516,0
1193,38023457,250,250,False,9,9,-4.761987686157227,0
1193,52865789,397,397,False,10,11,-5.533178329467773,0
1193,11428884,344,344,False,11,18,-6.439387321472168,0
1193,3621011,305,305,False,12,23,-7.8691511154174805,0
1193,32955023,294,294,False,13,8,-4.554684638977051,0
1193,41790911,627,512,True,14,12,-5.575017929077148,0
1193,31564409,502,502,False,15,16,-6.031128883361816,0
1193,4854076,181,181,False,16,19,-6.442826747894287,0
1193,18450716,404,404,False,17,20,-6.549908638000488,0
1193,42465769,418,418,False,18,22,-7.671047687530518,0
1193,20363389,352,352,False,19,34,-9.631609916687012,0
1193,41310252,360,360,False,20,35,-9.671180725097656,0
1193,13944805,552,512,True,21,15,-5.931783676147461,0
1193,198309074,396,396,False,22,32,-9.329967498779297,0
1193,25974070,413,413,False,23,30,-9.201980590820312,0
1193,11615242,256,256,False,24,38,-9.879474639892578,0
1193,5106691,269,269,False,25,26,-8.20656967163086,0
1193,1365188,398,398,False,26,36,-9.808478355407715,0
1193,5389095,294,294,False,27,40,-10.417455673217773,0
1193,1507222,581,512,True,28,21,-6.893970489501953,0
1193,18084826,360,360,False,29,46,-10.65384578704834,0
1193,12805683,377,377,False,30,44,-10.569981575012207,0
1193,36558211,609,512,True,31,41,-10.43957805633545,0
1193,1568684,242,242,False,32,28,-8.7076416015625,0
1193,2130391,411,411,False,33,27,-8.513764381408691,0
1193,21641088,396,396,False,34,29,-8.99760627746582,0
1193,20288322,358,358,False,35,37,-9.810457229614258,0
1193,19427410,321,321,False,36,14,-5.658385276794434,0
1193,39187170,540,512,True,37,6,-3.6541521549224854,0
1193,22800314,411,411,False,38,42,-10.550753593444824,0
1193,23017040,412,412,False,39,25,-8.007566452026367,0
1193,4641348,409,409,False,40,39,-10.411423683166504,0
1193,6227220,286,286,False,41,48,-10.666458129882812,0
1193,39426225,443,443,False,42,33,-9.425790786743164,0
1193,5687200,662,512,True,43,24,-7.878019332885742,0
1193,6108481,213,213,False,44,43,-10.555648803710938,0
1193,6190603,218,218,False,45,45,-10.576303482055664,0
1193,1933281,231,231,False,46,47,-10.664388656616211,0
1193,17933691,369,369,False,47,31,-9.281715393066406,0
1193,29691654,303,303,False,48,10,-4.829133987426758,0
1193,18064113,393,393,False,49,49,-10.783662796020508,0
1193,145416918,275,275,False,50,50,-10.934869766235352,0
47,26996935,294,294,False,1,1,6.938210487365723,1
47,3512154,334,334,False,2,2,2.6844279766082764,1
47,11336632,262,262,False,3,3,-1.1439359188079834,0
47,23117928,366,366,False,4,4,-2.4230659008026123,0
47,22003328,384,384,False,5,5,-3.5305771827697754,0
47,461550,222,222,False,6,15,-6.469985008239746,0
47,41329906,374,374,False,7,7,-4.33856725692749,0
47,30034334,343,343,False,8,6,-3.963685989379883,0
47,1286352,401,401,False,9,11,-5.432995796203613,0
47,2810997,375,375,False,10,9,-5.1336870193481445,0
47,47018050,207,207,False,11,23,-7.633581638336182,0
47,19957813,281,281,False,12,17,-6.816549301147461,0
47,6903077,209,209,False,13,16,-6.581939697265625,0
47,14174055,199,199,False,14,29,-8.78968620300293,0
47,36713289,243,243,False,15,21,-7.400073528289795,0
47,13296399,220,220,False,16,22,-7.4219865798950195,0
47,14464451,315,315,False,17,8,-4.728341102600098,0
47,18236313,398,398,False,18,10,-5.416539192199707,0
47,2380002,459,459,False,19,19,-7.218422889709473,0
47,24550453,321,321,False,20,48,-10.440719604492188,0
47,25811797,309,309,False,21,26,-8.291465759277344,0
47,20045514,319,319,False,22,35,-9.272405624389648,0
47,28707489,445,445,False,23,34,-9.233499526977539,0
47,13912224,266,266,False,24,45,-10.364134788513184,0
47,21692235,272,272,False,25,24,-7.968132019042969,0
47,24896957,468,468,False,26,14,-6.436105728149414,0
47,22362025,466,466,False,27,41,-10.181181907653809,0
47,1332250,500,500,False,28,18,-6.974745750427246,0
47,17911973,262,262,False,29,33,-9.103815078735352,0
47,9737083,263,263,False,30,27,-8.658737182617188,0
47,21561474,267,267,False,31,36,-9.413357734680176,0
47,4462919,287,287,False,32,50,-10.823151588439941,0
47,34287602,404,404,False,33,12,-6.0921149253845215,0
47,25124117,356,356,False,34,30,-8.825641632080078,0
47,8494570,406,406,False,35,32,-9.042475700378418,0
47,1727493,311,311,False,36,28,-8.74435806274414,0
47,20620012,242,242,False,37,47,-10.439228057861328,0
47,1605392,296,296,False,38,49,-10.451704025268555,0
47,1544804,148,148,False,39,44,-10.35342788696289,0
47,949309,308,308,False,40,25,-8.078926086425781,0
47,4416964,483,483,False,41,20,-7.378690242767334,0
47,22632303,369,369,False,42,37,-9.764995574951172,0
47,2485101,402,402,False,43,13,-6.288325309753418,0
47,16398049,257,257,False,44,31,-8.980937004089355,0
47,30297355,355,355,False,45,43,-10.296573638916016,0
47,2374637,215,215,False,46,46,-10.41834545135498,0
47,1996292,574,512,True,47,40,-10.177301406860352,0
47,12040627,312,312,False,48,42,-10.285083770751953,0
47,26117607,393,393,False,49,38,-9.928339004516602,0
47,10491220,277,277,False,50,39,-10.164066314697266,0
652,9433958,304,304,False,1,4,1.027138590812683,1
652,10559501,454,454,False,2,7,-0.4378763735294342,0
652,30437264,296,296,False,3,1,3.324047327041626,0
652,37727521,399,399,False,4,11,-1.4106361865997314,0
652,38376189,251,251,False,5,33,-5.96092414855957,0
652,12885341,328,328,False,6,28,-4.765421390533447,0
652,2947124,239,239,False,7,16,-2.646968364715576,0
652,26731863,250,250,False,8,3,1.3764653205871582,0
652,40584205,429,429,False,9,44,-9.079268455505371,0
652,34287602,406,406,False,10,35,-6.673009872436523,0
652,7155555,442,442,False,11,2,1.8092708587646484,0
652,3493623,311,311,False,12,10,-0.6239995956420898,0
652,72159,375,375,False,13,18,-3.556525707244873,0
652,3308636,286,286,False,14,20,-3.877779483795166,0
652,22495397,506,506,False,15,17,-3.2792983055114746,0
652,3107733,296,296,False,16,26,-4.656149864196777,0
652,4402497,420,420,False,17,8,-0.5723093152046204,0
652,10627801,374,374,False,18,19,-3.7112338542938232,0
652,1970884,448,448,False,19,38,-7.786728858947754,0
652,5137019,449,449,False,20,21,-3.8821604251861572,0
652,40044800,297,297,False,21,12,-1.8542767763137817,0
652,22938539,348,348,False,22,39,-7.843262672424316,0
652,11016410,477,477,False,23,42,-8.695014953613281,0
652,24922825,405,405,False,24,47,-9.503593444824219,0
652,13322804,405,405,False,25,48,-9.561478614807129,0
652,8005007,396,396,False,26,36,-7.418971061706543,0
652,20960682,718,512,True,27,13,-1.9739577770233154,0
652,44737533,440,440,False,28,43,-9.051291465759277,0
652,14474178,720,512,True,29,25,-4.590425491333008,0
652,34378726,153,153,False,30,27,-4.713940143585205,0
652,5922085,284,284,False,31,32,-5.921141624450684,0
652,9539248,362,362,False,32,45,-9.276189804077148,0
652,37762357,371,371,False,33,23,-4.272306442260742,0
652,27602752,485,485,False,34,29,-5.596095561981201,0
652,35764259,244,244,False,35,24,-4.407799243927002,0
652,16964262,310,310,False,36,46,-9.404571533203125,0
652,7820043,317,317,False,37,6,-0.022089321166276932,0
652,7645565,288,288,False,38,22,-4.208971977233887,0
652,152245,622,512,True,39,37,-7.564052104949951,0
652,13108582,502,502,False,40,15,-2.274592876434326,0
652,3756384,607,512,True,41,31,-5.907994747161865,0
652,26993601,221,221,False,42,49,-9.562307357788086,0
652,46135768,253,253,False,43,9,-0.598613977432251,0
652,17231273,516,512,True,44,41,-8.218276977539062,0
652,45287266,285,285,False,45,30,-5.767254829406738,0
652,8979167,251,251,False,46,34,-6.302424430847168,0
652,28644298,631,512,True,47,5,0.8362139463424683,0
652,1084062,332,332,False,48,40,-8.000329971313477,0
652,19688024,267,267,False,49,14,-2.2201521396636963,0
652,16939583,274,274,False,50,50,-10.116726875305176,0
456,42565477,268,268,False,1,6,0.5611363053321838,0
456,20179918,359,359,False,2,1,2.8138267993927,0
456,6455142,286,286,False,3,5,0.5685842633247375,0
456,12040627,294,294,False,4,11,-0.2822584807872772,0
456,18489989,356,356,False,5,2,1.4077174663543701,0
456,30507607,265,265,False,6,12,-0.3288767337799072,1
456,6826100,293,293,False,7,38,-4.49650239944458,0
456,14191255,294,294,False,8,4,0.859745442867279,0
456,2452989,283,283,False,9,35,-3.6084706783294678,0
456,9301606,358,358,False,10,3,0.9404836297035217,0
456,22312627,326,326,False,11,25,-2.300124168395996,0
456,13639330,251,251,False,12,33,-3.085975408554077,0
456,22150633,317,317,False,13,16,-0.75337815284729,0
456,33068577,455,455,False,14,24,-2.0214710235595703,0
456,1550937,279,279,False,15,9,-0.034043531864881516,0
456,8290760,273,273,False,16,44,-5.267059803009033,0
456,11844826,297,297,False,17,15,-0.4930158853530884,0
456,29429111,359,359,False,18,8,0.24193057417869568,0
456,29125354,268,268,False,19,18,-0.984938383102417,0
456,18447487,363,363,False,20,31,-2.871306896209717,0
456,4324278,326,326,False,21,13,-0.3907032608985901,0
456,18841257,290,290,False,22,47,-6.349252223968506,0
456,42484543,291,291,False,23,42,-5.0216169357299805,0
456,30933307,280,280,False,24,20,-1.13253915309906,0
456,11369420,255,255,False,25,50,-9.612892150878906,0
456,34071621,265,265,False,26,28,-2.4597558975219727,0
456,9505448,475,475,False,27,17,-0.9276593327522278,0
456,17416520,327,327,False,28,19,-0.9914330244064331,0
456,3829232,458,458,False,29,14,-0.45130813121795654,0
456,14050257,180,180,False,30,37,-3.72562575340271,0
456,28937856,255,255,False,31,21,-1.3917834758758545,0
456,15600979,493,493,False,32,45,-5.607540607452393,0
456,52873726,366,366,False,33,29,-2.7058777809143066,0
456,21601459,317,317,False,34,22,-1.7105162143707275,0
456,27693891,204,204,False,35,7,0.3866752088069916,0
456,23418635,301,301,False,36,49,-8.010382652282715,0
456,4418070,335,335,False,37,10,-0.19931945204734802,0
456,2619579,166,166,False,38,36,-3.693711042404175,0
456,16745747,383,383,False,39,40,-4.804533004760742,0
456,3849194,286,286,False,40,30,-2.8673317432403564,0
456,18924534,244,244,False,41,39,-4.598931312561035,0
456,4462419,525,512,True,42,34,-3.2103047370910645,0
456,32324430,184,184,False,43,41,-4.8541693687438965,0
456,6532806,143,143,False,44,23,-1.9491393566131592,0
456,35062452,332,332,False,45,32,-2.9365901947021484,0
456,21373240,335,335,False,46,48,-7.317968845367432,0
456,21271817,306,306,False,47,46,-6.0253167152404785,0
456,6828370,280,280,False,48,43,-5.17026948928833,0
456,11291348,305,305,False,49,27,-2.4444162845611572,0
456,6493422,255,255,False,50,26,-2.3494503498077393,0
154,4702639,327,327,False,1,1,3.6264452934265137,1
154,25895285,515,512,True,2,3,2.2501888275146484,0
154,34016944,574,512,True,3,2,2.365701198577881,0
154,2272614,313,313,False,4,5,1.8529326915740967,0
154,85665741,607,512,True,5,27,-3.1846444606781006,0
154,26973393,199,199,False,6,41,-5.1532182693481445,0
154,9929089,292,292,False,7,4,2.230997085571289,0
154,18682109,270,270,False,8,22,-2.3981974124908447,0
154,9498458,443,443,False,9,31,-3.6690797805786133,0
154,5270265,314,314,False,10,25,-2.7306101322174072,0
154,41650417,549,512,True,11,49,-8.325105667114258,0
154,23420807,640,512,True,12,17,-1.522338628768921,0
154,16494316,198,198,False,13,40,-5.137894630432129,0
154,19752008,621,512,True,14,11,-1.112910509109497,0
154,9505402,332,332,False,15,19,-1.825400710105896,0
154,15322518,313,313,False,16,30,-3.5592422485351562,0
154,17648235,714,512,True,17,33,-3.906970500946045,0
154,4920376,258,258,False,18,8,0.3829234838485718,0
154,17844478,343,343,False,19,47,-6.297496318817139,0
154,22317868,258,258,False,20,18,-1.6195614337921143,0
154,14241418,547,512,True,21,10,-0.7608652710914612,0
154,4820792,579,512,True,22,16,-1.4948128461837769,0
154,8903143,373,373,False,23,23,-2.573540449142456,0
154,14819804,397,397,False,24,7,0.9780735373497009,0
154,23863551,417,417,False,25,9,-0.18275946378707886,0
154,3078550,667,512,True,26,6,1.1926229000091553,0
154,29321530,242,242,False,27,20,-2.0017969608306885,0
154,25515662,258,258,False,28,45,-5.845466136932373,0
154,2593298,462,462,False,29,36,-4.210666656494141,0
154,17462437,463,463,False,30,28,-3.281059741973877,0
154,24554740,195,195,False,31,44,-5.800850868225098,0
154,16511863,409,409,False,32,37,-4.484640121459961,0
154,34066665,293,293,False,33,34,-3.966902494430542,0
154,41325555,219,219,False,34,21,-2.0456600189208984,0
154,5573975,413,413,False,35,13,-1.2144801616668701,0
154,17195001,174,174,False,36,46,-5.932101726531982,0
154,711256,405,405,False,37,38,-4.487138271331787,0
154,13235609,276,276,False,38,24,-2.688276767730713,0
154,20675284,257,257,False,39,42,-5.452343940734863,0
154,24190159,408,408,False,40,12,-1.123508095741272,0
154,26491450,213,213,False,41,43,-5.697486877441406,0
154,31311495,488,488,False,42,14,-1.2858872413635254,0
154,33387953,397,397,False,43,15,-1.4219613075256348,0
154,9600826,392,392,False,44,29,-3.5198583602905273,0
154,22174015,313,313,False,45,32,-3.8614275455474854,0
154,36310858,429,429,False,46,48,-6.459985733032227,0
154,22488511,424,424,False,47,26,-2.872495651245117,0
154,14092737,377,377,False,48,39,-4.536431312561035,0
154,4320424,287,287,False,49,35,-3.9703757762908936,0
154,16712164,256,256,False,50,50,-8.73049545288086,0
537,16056514,347,347,False,1,1,2.6170973777770996,1
537,14782049,540,512,True,2,3,-1.2528709173202515,0
537,25440070,405,405,False,3,6,-2.7486674785614014,0
537,14419116,379,379,False,4,11,-3.4983553886413574,0
537,25007443,297,297,False,5,18,-5.177099227905273,0
537,306311,179,179,False,6,7,-2.9988067150115967,0
537,22549449,416,416,False,7,14,-3.7432475090026855,0
537,36637129,606,512,True,8,16,-4.264209747314453,0
537,9194077,289,289,False,9,4,-1.3863434791564941,0
537,20764484,280,280,False,10,28,-6.478004455566406,0
537,12903921,642,512,True,11,12,-3.6758456230163574,0
537,27022864,313,313,False,12,2,-0.9579240679740906,0
537,116792,448,448,False,13,25,-6.166879653930664,0
537,1410197,419,419,False,14,39,-8.607988357543945,0
537,14924526,187,187,False,15,34,-7.505379676818848,0
537,11886686,367,367,False,16,17,-4.7896928787231445,0
537,23901235,390,390,False,17,24,-6.118405342102051,0
537,4462155,377,377,False,18,22,-5.772097587585449,0
537,13883546,524,512,True,19,45,-9.806913375854492,0
537,2225918,251,251,False,20,15,-4.214826583862305,0
537,8734695,211,211,False,21,50,-10.63141918182373,0
537,9288638,535,512,True,22,8,-3.030930995941162,0
537,2158500,167,167,False,23,48,-10.272196769714355,0
537,6123521,419,419,False,24,43,-9.710919380187988,0
537,14192687,370,370,False,25,21,-5.771733283996582,0
537,44408494,343,343,False,26,19,-5.28199577331543,0
537,41911192,262,262,False,27,23,-5.989549160003662,0
537,9197786,341,341,False,28,44,-9.760173797607422,0
537,45154987,297,297,False,29,33,-7.271977424621582,0
537,36357627,533,512,True,30,9,-3.1996545791625977,0
537,7157436,237,237,False,31,26,-6.18910026550293,0
537,3943235,534,512,True,32,31,-6.931936264038086,0
537,2436602,469,469,False,33,32,-7.213403701782227,0
537,28392393,321,321,False,34,5,-1.4751052856445312,0
537,44500794,351,351,False,35,40,-9.299848556518555,0
537,34582256,362,362,False,36,10,-3.2013955116271973,0
537,24186125,415,415,False,37,13,-3.7075467109680176,0
537,469066,288,288,False,38,49,-10.497719764709473,0
537,4303075,265,265,False,39,41,-9.333127975463867,0
537,17506075,335,335,False,40,42,-9.521483421325684,0
537,4447055,338,338,False,41,20,-5.396877288818359,0
537,11913139,225,225,False,42,47,-9.874917030334473,0
537,21046889,254,254,False,43,30,-6.668300628662109,0
537,10017612,239,239,False,44,35,-7.548892498016357,0
537,29231620,438,438,False,45,29,-6.566702842712402,0
537,26244918,329,329,False,46,46,-9.835317611694336,0
537,15347087,330,330,False,47,27,-6.257051467895508,0
537,7708803,445,445,False,48,38,-8.59218978881836,0
537,5107861,374,374,False,49,37,-8.053144454956055,0
537,23887844,264,264,False,50,36,-7.583114147186279,0
1224,26873988,240,240,False,1,2,5.763580322265625,0
1224,21932050,232,232,False,2,3,5.715085983276367,1
1224,30933307,290,290,False,3,1,5.825679779052734,0
1224,26133404,424,424,False,4,5,4.459685325622559,0
1224,10450300,495,495,False,5,6,3.949402332305908,0
1224,5372773,344,344,False,6,7,3.780081272125244,0
1224,25141908,312,312,False,7,4,4.583457946777344,0
1224,27555165,363,363,False,8,10,1.4271140098571777,0
1224,15425958,456,456,False,9,8,2.3506011962890625,0
1224,37762357,361,361,False,10,14,0.30888083577156067,0
1224,7224723,256,256,False,11,37,-2.825937271118164,0
1224,6144969,423,423,False,12,9,2.195125102996826,0
1224,23305884,475,475,False,13,12,1.268161416053772,0
1224,5838067,349,349,False,14,15,-0.10287810862064362,0
1224,6404801,292,292,False,15,31,-2.20074725151062,0
1224,8979167,241,241,False,16,29,-2.0198910236358643,0
1224,8858602,259,259,False,17,33,-2.3780133724212646,0
1224,3672261,302,302,False,18,19,-0.8549675345420837,0
1224,54561384,295,295,False,19,42,-4.165494441986084,0
1224,32720933,240,240,False,20,43,-4.252862453460693,0
1224,6493422,265,265,False,21,20,-1.2317994832992554,0
1224,38747567,275,275,False,22,16,-0.3189283609390259,0
1224,34016987,457,457,False,23,17,-0.5167101621627808,1
1224,26071782,348,348,False,24,24,-1.597186803817749,0
1224,20690388,388,388,False,25,28,-1.899620532989502,0
1224,13759726,270,270,False,26,36,-2.646298885345459,0
1224,6559701,215,215,False,27,26,-1.668510913848877,0
1224,14386505,400,400,False,28,40,-3.162095069885254,0
1224,15593561,397,397,False,29,13,0.511123538017273,0
1224,35395662,295,295,False,30,22,-1.2963590621948242,0
1224,16572581,341,341,False,31,34,-2.422006607055664,0
1224,23985464,476,476,False,32,32,-2.3045272827148438,0
1224,21909315,189,189,False,33,47,-5.739625930786133,0
1224,25263810,498,498,False,34,23,-1.5429916381835938,0
1224,72159,365,365,False,35,30,-2.1406564712524414,0
1224,8610932,225,225,False,36,49,-6.100159168243408,0
1224,3321943,299,299,False,37,46,-5.500795364379883,0
1224,9021186,557,512,True,38,27,-1.6951696872711182,0
1224,8247469,450,450,False,39,11,1.4235578775405884,0
1224,5633957,367,367,False,40,35,-2.5758683681488037,0
1224,28644298,621,512,True,41,18,-0.6794425845146179,0
1224,26731863,240,240,False,42,38,-3.021167755126953,0
1224,22153455,433,433,False,43,21,-1.283179759979248,0
1224,41337677,257,257,False,44,48,-5.928485870361328,0
1224,20675284,247,247,False,45,25,-1.6534920930862427,0
1224,10906636,484,484,False,46,39,-3.1291422843933105,0
1224,8563659,321,321,False,47,44,-4.387756824493408,0
1224,21216726,379,379,False,48,45,-4.553488731384277,0
1224,5476778,414,414,False,49,50,-6.178536891937256,0
1224,4464565,534,512,True,50,41,-3.6084206104278564,0
308,7821634,361,361,False,1,1,4.6574811935424805,1
308,28651643,367,367,False,2,2,3.2666499614715576,0
308,4920376,239,239,False,3,8,-0.3167760968208313,0
308,9225850,281,281,False,4,9,-0.8562694787979126,0
308,8210189,116,116,False,5,30,-5.629096031188965,0
308,85665741,588,512,True,6,7,-0.12392465770244598,0
308,4396105,341,341,False,7,22,-4.264983654022217,0
308,26887439,235,235,False,8,18,-3.584285259246826,0
308,2272614,294,294,False,9,15,-3.20070219039917,0
308,10279084,423,423,False,10,4,2.0641093254089355,0
308,4662264,247,247,False,11,14,-2.183346748352051,0
308,4729644,567,512,True,12,3,2.7566492557525635,0
308,43419566,208,208,False,13,25,-4.901751518249512,0
308,39291138,1250,512,True,14,24,-4.76567268371582,0
308,18264714,307,307,False,15,35,-6.178829193115234,0
308,18346333,411,411,False,16,38,-6.785708427429199,0
308,19561411,395,395,False,17,32,-5.682666778564453,0
308,17648235,695,512,True,18,5,0.6631085276603699,0
308,8533245,256,256,False,19,12,-1.8945136070251465,0
308,14819804,378,378,False,20,13,-2.1511712074279785,0
308,24498673,331,331,False,21,41,-7.629181861877441,0
308,17123316,388,388,False,22,11,-1.6392180919647217,0
308,11200685,411,411,False,23,20,-3.778836727142334,0
308,24190159,389,389,False,24,6,0.004353310912847519,0
308,10790846,451,451,False,25,40,-7.469075679779053,0
308,26019505,438,438,False,26,39,-7.369169235229492,0
308,10450725,390,390,False,27,23,-4.379456996917725,0
308,8453819,383,383,False,28,10,-1.1439619064331055,0
308,20620012,225,225,False,29,49,-11.002588272094727,0
308,10991183,266,266,False,30,43,-7.97093391418457,0
308,29073751,230,230,False,31,17,-3.231306552886963,0
308,22174015,294,294,False,32,16,-3.2183938026428223,0
308,2988714,245,245,False,33,46,-9.905052185058594,0
308,12622860,627,512,True,34,21,-3.994450807571411,0
308,8698857,293,293,False,35,31,-5.6325531005859375,0
308,24554740,176,176,False,36,26,-5.270092010498047,0
308,24042363,456,456,False,37,42,-7.723666667938232,0
308,33030946,471,471,False,38,33,-5.908322811126709,0
308,3748310,264,264,False,39,34,-6.146172523498535,0
308,42836872,320,320,False,40,36,-6.233477592468262,0
308,18078750,247,247,False,41,50,-11.078946113586426,0
308,17967608,331,331,False,42,45,-9.137365341186523,0
308,17223891,226,226,False,43,27,-5.338626384735107,0
308,4138659,281,281,False,44,29,-5.603403568267822,0
308,18231257,303,303,False,45,47,-10.666804313659668,0
308,9113824,275,275,False,46,37,-6.574108123779297,0
308,31882215,335,335,False,47,28,-5.465488433837891,0
308,5321708,473,473,False,48,19,-3.6526641845703125,0
308,19149247,193,193,False,49,48,-10.926336288452148,0
308,6492658,245,245,False,50,44,-8.207902908325195,0
1145,10071552,550,512,True,1,1,6.240598678588867,1
1145,9822397,531,512,True,2,2,4.085556983947754,0
1145,12224536,399,399,False,3,4,-2.790353775024414,0
1145,3770750,499,499,False,4,3,-2.7360520362854004,0
1145,33960383,412,412,False,5,8,-4.5453877449035645,0
1145,1974176,560,512,True,6,5,-3.144843101501465,0
1145,27449472,344,344,False,7,34,-9.06554126739502,0
1145,27166444,425,425,False,8,14,-6.840089797973633,0
1145,8708082,219,219,False,9,21,-7.748530864715576,0
1145,32534305,343,343,False,10,12,-6.792168617248535,0
1145,17324544,534,512,True,11,40,-9.538017272949219,0
1145,11201004,439,439,False,12,35,-9.066485404968262,0
1145,11953232,461,461,False,13,29,-8.782196998596191,0
1145,27428509,992,512,True,14,7,-4.046716690063477,0
1145,17656445,386,386,False,15,38,-9.43424129486084,0
1145,17415081,340,340,False,16,37,-9.386122703552246,0
1145,5567005,206,206,False,17,32,-9.031886100769043,0
1145,23351136,208,208,False,18,49,-10.272438049316406,0
1145,6176498,559,512,True,19,26,-8.160655975341797,0
1145,8842332,672,512,True,20,36,-9.268383026123047,0
1145,30805636,538,512,True,21,6,-3.794119119644165,0
1145,4886637,281,281,False,22,15,-7.1068220138549805,0
1145,43534665,326,326,False,23,45,-9.927816390991211,0
1145,7098463,515,512,True,24,27,-8.433835983276367,0
1145,2138843,439,439,False,25,41,-9.62549877166748,0
1145,26058927,596,512,True,26,18,-7.455936431884766,0
1145,30983338,483,483,False,27,31,-8.991694450378418,0
1145,16527698,404,404,False,28,16,-7.336134910583496,0
1145,120626,167,167,False,29,30,-8.986577987670898,0
1145,29387024,988,512,True,30,23,-7.864402770996094,0
1145,15663829,614,512,True,31,28,-8.734899520874023,0
1145,35495268,437,437,False,32,20,-7.634611129760742,0
1145,31229233,491,491,False,33,17,-7.356383323669434,0
1145,36642096,428,428,False,34,44,-9.83297348022461,0
1145,32850528,477,477,False,35,22,-7.797642707824707,0
1145,13619127,878,512,True,36,24,-7.998773574829102,0
1145,34025053,754,512,True,37,39,-9.51880168914795,0
1145,198133135,440,440,False,38,46,-9.967586517333984,0
1145,5687200,657,512,True,39,11,-6.552377700805664,0
1145,73323408,403,403,False,40,43,-9.730480194091797,0
1145,10430148,857,512,True,41,9,-6.4015350341796875,0
1145,195352,223,223,False,42,42,-9.638986587524414,0
1145,6207111,321,321,False,43,25,-8.013832092285156,0
1145,11481946,162,162,False,44,47,-9.99397087097168,0
1145,24704139,601,512,True,45,13,-6.813774108886719,0
1145,13072112,267,267,False,46,48,-10.116637229919434,0
1145,1538080,428,428,False,47,33,-9.050016403198242,0
1145,7873737,480,480,False,48,19,-7.485864639282227,0
1145,5293024,246,246,False,49,50,-10.738546371459961,0
1145,13448422,402,402,False,50,10,-6.549956321716309,0
9,44265107,404,404,False,1,1,6.571744918823242,1
9,24700152,159,159,False,2,21,-6.2761945724487305,0
9,27188320,303,303,False,3,30,-7.697307586669922,0
9,25182647,411,411,False,4,5,-3.462108612060547,0
9,14647747,329,329,False,5,16,-5.419556617736816,0
9,35301079,604,512,True,6,7,-4.29902458190918,0
9,6112053,418,418,False,7,29,-7.558516502380371,0
9,21859699,293,293,False,8,14,-5.165790557861328,0
9,25121903,374,374,False,9,25,-6.600086212158203,0
9,10128893,560,512,True,10,6,-3.725839614868164,0
9,7034001,390,390,False,11,48,-9.948795318603516,0
9,38886345,938,512,True,12,18,-5.949568748474121,0
9,8190282,495,495,False,13,3,-3.0008163452148438,0
9,3578380,692,512,True,14,12,-5.083219528198242,0
9,21203899,234,234,False,15,49,-10.714682579040527,0
9,26105746,182,182,False,16,44,-9.237646102905273,0
9,16737210,507,507,False,17,8,-4.4267258644104,0
9,45461275,398,398,False,18,35,-8.06956672668457,0
9,6477536,588,512,True,19,2,-2.878377914428711,0
9,26124606,411,411,False,20,10,-4.954194068908691,0
9,21700295,483,483,False,21,4,-3.372403144836426,0
9,5597586,466,466,False,22,23,-6.47961950302124,0
9,21884059,262,262,False,23,42,-8.63289737701416,0
9,26067999,1961,512,True,24,46,-9.831835746765137,0
9,13380980,281,281,False,25,40,-8.39033317565918,0
9,10883736,563,512,True,26,38,-8.280517578125,0
9,14390137,237,237,False,27,39,-8.34273624420166,0
9,36003142,433,433,False,28,27,-6.7580485343933105,0
9,2048139,487,487,False,29,11,-5.073311805725098,0
9,24916604,363,363,False,30,26,-6.615778923034668,0
9,14806256,813,512,True,31,15,-5.2170610427856445,0
9,8570690,484,484,False,32,41,-8.530349731445312,0
9,37699461,319,319,False,33,37,-8.196758270263672,0
9,24943534,299,299,False,34,47,-9.857267379760742,0
9,9976969,432,432,False,35,36,-8.148448944091797,0
9,12442311,549,512,True,36,32,-7.815723896026611,0
9,9056874,191,191,False,37,33,-7.902158260345459,0
9,42185082,220,220,False,38,31,-7.743312358856201,0
9,32787042,372,372,False,39,17,-5.732256889343262,0
9,32421068,566,512,True,40,34,-8.064749717712402,0
9,21186109,251,251,False,41,19,-6.147109031677246,0
9,5492542,438,438,False,42,45,-9.76909065246582,0
9,17119869,316,316,False,43,50,-10.802839279174805,0
9,24575065,741,512,True,44,9,-4.883706092834473,0
9,24346598,410,410,False,45,43,-8.727420806884766,0
9,11614737,738,512,True,46,22,-6.426488876342773,0
9,5691302,940,512,True,47,20,-6.1556243896484375,0
9,10958594,413,413,False,48,13,-5.165212631225586,0
9,31363207,486,486,False,49,28,-7.328502178192139,0
9,308862,473,473,False,50,24,-6.587895393371582,0
761,41644178,274,274,False,1,1,5.691811561584473,0
761,1964163,312,312,False,2,3,4.238611221313477,0
761,980008,324,324,False,3,9,-0.3808516561985016,0
761,33986200,283,283,False,4,2,4.440661907196045,0
761,7997337,314,314,False,5,5,0.845934271812439,0
761,8698208,300,300,False,6,14,-1.9942708015441895,0
761,10790846,447,447,False,7,25,-3.981325626373291,0
761,6492658,241,241,False,8,43,-7.986316680908203,0
761,13072113,434,434,False,9,20,-3.4623947143554688,0
761,12932176,409,409,False,10,4,0.878675103187561,0
761,4405194,311,311,False,11,23,-3.8574767112731934,0
761,10009203,422,422,False,12,16,-3.1478137969970703,1
761,9304312,304,304,False,13,46,-8.367533683776855,0
761,26993601,198,198,False,14,26,-4.45146369934082,0
761,7093809,316,316,False,15,7,-0.0180678591132164,0
761,16562534,367,367,False,16,36,-5.7075910568237305,0
761,11250124,248,248,False,17,32,-5.434483528137207,0
761,25007443,294,294,False,18,24,-3.948324203491211,0
761,15655418,267,267,False,19,31,-5.423120975494385,0
761,10795063,324,324,False,20,42,-7.1858673095703125,0
761,21866916,206,206,False,21,15,-2.870762348175049,0
761,14308244,300,300,False,22,10,-0.9941087365150452,0
761,17123316,384,384,False,23,6,0.6966252326965332,0
761,14405193,468,468,False,24,8,-0.3770315647125244,0
761,5700349,357,357,False,25,12,-1.298669457435608,0
761,39571812,312,312,False,26,33,-5.456097602844238,0
761,469066,285,285,False,27,38,-6.771728038787842,0
761,6609935,293,293,False,28,27,-5.006333827972412,0
761,27569370,250,250,False,29,37,-5.728075981140137,0
761,16398827,278,278,False,30,30,-5.17319393157959,0
761,16208091,294,294,False,31,34,-5.645484924316406,0
761,3825472,276,276,False,32,29,-5.150453567504883,0
761,6079486,172,172,False,33,48,-8.81668472290039,0
761,23702805,410,410,False,34,35,-5.699886322021484,0
761,33911859,174,174,False,35,49,-8.885391235351562,0
761,4407385,317,317,False,36,41,-7.142265319824219,0
761,57574395,313,313,False,37,45,-8.302043914794922,0
761,29745822,226,226,False,38,28,-5.033592700958252,0
761,15491404,280,280,False,39,17,-3.2162041664123535,0
761,19970015,409,409,False,40,19,-3.2518272399902344,0
761,14192687,367,367,False,41,39,-6.993825435638428,0
761,803312,252,252,False,42,50,-10.361493110656738,0
761,306311,176,176,False,43,21,-3.494821548461914,0
761,10518721,163,163,False,44,47,-8.744237899780273,0
761,24881307,436,436,False,45,18,-3.240499973297119,0
761,11254556,586,512,True,46,13,-1.7160422801971436,0
761,4459491,493,493,False,47,40,-7.099057197570801,0
761,11886686,364,364,False,48,22,-3.816990613937378,0
761,36637129,603,512,True,49,11,-1.1878631114959717,0
761,33912020,310,310,False,50,44,-8.165614128112793,0
530,3360421,227,227,False,1,1,5.194504737854004,0
530,19770974,220,220,False,2,3,4.790298938751221,0
530,25413327,349,349,False,3,9,2.874022960662842,1
530,36651210,414,414,False,4,5,3.722379684448242,1
530,10546779,242,242,False,5,10,1.7976559400558472,1
530,86129154,230,230,False,6,16,0.7802557945251465,0
530,36398420,318,318,False,7,7,3.44679856300354,0
530,4452318,311,311,False,8,11,1.3312368392944336,0
530,4423327,342,342,False,9,24,-0.7203340530395508,0
530,13910150,324,324,False,10,40,-2.4907987117767334,0
530,15833835,248,248,False,11,28,-1.1167888641357422,0
530,27588420,280,280,False,12,8,3.0100979804992676,0
530,4457834,377,377,False,13,6,3.5388970375061035,0
530,2437807,257,257,False,14,21,0.14592552185058594,0
530,16375102,320,320,False,15,48,-4.745482444763184,0
530,22428640,159,159,False,16,19,0.2564624547958374,0
530,27279525,507,507,False,17,17,0.599818229675293,0
530,11335860,361,361,False,18,4,4.517553329467773,0
530,10273147,253,253,False,19,33,-1.7540812492370605,0
530,15945975,298,298,False,20,32,-1.7491472959518433,0
530,26374799,388,388,False,21,2,5.091058731079102,0
530,40087494,347,347,False,22,38,-2.0493507385253906,0
530,42484543,301,301,False,23,12,1.1919848918914795,0
530,27995781,189,189,False,24,30,-1.5570461750030518,0
530,28071965,260,260,False,25,15,0.9536685347557068,0
530,19970015,422,422,False,26,45,-4.004574298858643,0
530,87610599,294,294,False,27,26,-0.8943711519241333,1
530,1630949,268,268,False,28,47,-4.578127861022949,0
530,4380451,265,265,False,29,13,1.0935094356536865,0
530,4325137,325,325,False,30,14,1.0774405002593994,0
530,36618603,219,219,False,31,37,-1.9788978099822998,0
530,4417177,313,313,False,32,22,-0.1840122640132904,0
530,33986200,296,296,False,33,49,-5.567752838134766,0
530,4335423,361,361,False,34,20,0.2233538031578064,0
530,22530842,299,299,False,35,39,-2.268538475036621,0
530,6401675,208,208,False,36,25,-0.8719360828399658,0
530,13513790,287,287,False,37,44,-3.5446128845214844,0
530,92499,184,184,False,38,34,-1.7800302505493164,0
530,2682251,236,236,False,39,43,-3.4476683139801025,0
530,14128314,146,146,False,40,29,-1.167266845703125,0
530,11360430,223,223,False,41,27,-0.925050675868988,0
530,7581911,372,372,False,42,18,0.47193634510040283,0
530,20186814,315,315,False,43,42,-3.096848487854004,0
530,26612216,439,439,False,44,41,-2.9210190773010254,0
530,243694,395,395,False,45,23,-0.5046452283859253,0
530,16999023,283,283,False,46,36,-1.8655928373336792,0
530,4256553,189,189,False,47,50,-7.01082706451416,0
530,17685207,634,512,True,48,31,-1.5638148784637451,0
530,1744097,333,333,False,49,46,-4.2723164558410645,0
530,16732790,487,487,False,50,35,-1.828117847442627,0
963,29828242,330,330,False,1,9,0.15114140510559082,1
963,21330280,178,178,False,2,1,3.422865390777588,0
963,4067274,294,294,False,3,6,0.7529746294021606,0
963,13384318,294,294,False,4,4,1.8682119846343994,0
963,7860396,291,291,False,5,10,0.11043825000524521,0
963,4162857,253,253,False,6,3,2.177469253540039,1
963,10423989,290,290,False,7,5,1.220090627670288,0
963,20585600,459,459,False,8,2,2.5763230323791504,0
963,946756,254,254,False,9,12,-1.4213635921478271,0
963,16929739,370,370,False,10,7,0.46297675371170044,0
963,4313478,357,357,False,11,11,0.06239417940378189,0
963,20374609,361,361,False,12,8,0.34628939628601074,0
963,14610165,271,271,False,13,26,-5.290686130523682,0
963,30261663,338,338,False,14,13,-1.7654755115509033,0
963,10650521,198,198,False,15,30,-5.367185115814209,0
963,365896,347,347,False,16,14,-1.912907361984253,0
963,39929509,404,404,False,17,20,-3.925837755203247,0
963,35448676,316,316,False,18,21,-4.212654113769531,0
963,23420615,292,292,False,19,24,-4.831406116485596,0
963,16167746,363,363,False,20,28,-5.312894344329834,0
963,22544171,331,331,False,21,23,-4.554427146911621,0
963,34604584,246,246,False,22,31,-5.859992980957031,0
963,85394684,345,345,False,23,48,-8.896217346191406,0
963,12486491,263,263,False,24,33,-6.043458938598633,0
963,3868322,639,512,True,25,17,-3.013362169265747,0
963,21853444,264,264,False,26,34,-6.1371893882751465,0
963,344240,438,438,False,27,15,-2.194960594177246,0
963,13921526,368,368,False,28,37,-6.358110427856445,0
963,18111172,244,244,False,29,45,-8.177192687988281,0
963,6209599,284,284,False,30,18,-3.08888578414917,0
963,41022628,291,291,False,31,41,-6.801928997039795,0
963,7029990,295,295,False,32,25,-5.048975944519043,0
963,23618826,283,283,False,33,29,-5.3560590744018555,0
963,27061085,275,275,False,34,16,-2.8158438205718994,0
963,9091863,298,298,False,35,35,-6.227133750915527,0
963,40721190,497,497,False,36,19,-3.6244919300079346,0
963,57121667,243,243,False,37,50,-10.955695152282715,0
963,5702790,304,304,False,38,22,-4.498720169067383,0
963,6264468,181,181,False,39,27,-5.305566310882568,0
963,984825,372,372,False,40,36,-6.271938323974609,0
963,5273056,366,366,False,41,32,-6.027822017669678,0
963,25036988,276,276,False,42,44,-8.037996292114258,0
963,13912224,255,255,False,43,38,-6.451479911804199,0
963,4378885,307,307,False,44,43,-6.944385528564453,0
963,30543439,307,307,False,45,47,-8.474586486816406,0
963,198133135,445,445,False,46,49,-10.427515983581543,0
963,11244195,384,384,False,47,39,-6.781123161315918,0
963,680949,198,198,False,48,46,-8.198573112487793,0
963,41852733,459,459,False,49,42,-6.895820617675781,0
963,34854444,209,209,False,50,40,-6.786894798278809,0
1310,11288846,265,265,False,1,4,-3.7051427364349365,0
1310,8042158,376,376,False,2,1,-1.3785902261734009,1
1310,7547329,431,431,False,3,9,-5.302302360534668,0
1310,13732033,361,361,False,4,5,-4.006155014038086,0
1310,16979690,422,422,False,5,2,-1.7104095220565796,0
1310,24055603,242,242,False,6,38,-9.544498443603516,0
1310,3222122,165,165,False,7,25,-8.693693161010742,0
1310,38180456,174,174,False,8,33,-9.087057113647461,0
1310,13515165,468,468,False,9,7,-4.746547698974609,0
1310,15984735,554,512,True,10,14,-6.363823890686035,0
1310,7074001,124,124,False,11,47,-10.137077331542969,0
1310,12956194,209,209,False,12,21,-8.07007122039795,0
1310,4506702,733,512,True,13,20,-7.836623191833496,0
1310,32909242,387,387,False,14,17,-7.216524124145508,0
1310,70490,110,110,False,15,50,-10.827022552490234,0
1310,3610282,281,281,False,16,27,-8.70979118347168,0
1310,52887689,575,512,True,17,10,-5.419790267944336,0
1310,22711954,393,393,False,18,3,-2.5434374809265137,0
1310,4688277,305,305,False,19,12,-5.835657119750977,0
1310,55128127,251,251,False,20,44,-10.106622695922852,0
1310,29495185,90,90,False,21,30,-8.808916091918945,0
1310,849771,562,512,True,22,24,-8.47320556640625,0
1310,21754541,433,433,False,23,29,-8.796889305114746,0
1310,30292811,353,353,False,24,11,-5.644002437591553,0
1310,27138601,395,395,False,25,31,-8.963521003723145,0
1310,147107523,210,210,False,26,45,-10.110393524169922,0
1310,16057926,271,271,False,27,35,-9.155187606811523,0
1310,145416918,260,260,False,28,49,-10.659613609313965,0
1310,6767133,425,425,False,29,41,-9.887887954711914,0
1310,10692412,607,512,True,30,8,-5.040770530700684,0
1310,24077493,454,454,False,31,6,-4.605708122253418,0
1310,32969964,176,176,False,32,19,-7.783232688903809,0
1310,3610080,264,264,False,33,46,-10.1317138671875,0
1310,16736883,241,241,False,34,37,-9.475801467895508,0
1310,1522336,304,304,False,35,28,-8.734685897827148,0
1310,1871230,175,175,False,36,18,-7.6487627029418945,0
1310,18104691,396,396,False,37,13,-6.126187324523926,0
1310,23203102,395,395,False,38,26,-8.703577041625977,0
1310,167469018,199,199,False,39,43,-10.051739692687988,0
1310,27768226,1372,512,True,40,32,-8.993537902832031,0
1310,1709625,153,153,False,41,34,-9.154630661010742,0
1310,2374637,189,189,False,42,42,-9.890375137329102,0
1310,7486516,275,275,False,43,16,-6.916542053222656,0
1310,21377587,402,402,False,44,36,-9.36874008178711,0
1310,23557241,447,447,False,45,22,-8.24089241027832,0
1310,15983982,365,365,False,46,48,-10.50142765045166,0
1310,6319826,316,316,False,47,39,-9.546591758728027,0
1310,12672066,552,512,True,48,15,-6.434467315673828,0
1310,12232678,360,360,False,49,23,-8.402433395385742,0
1310,97566194,287,287,False,50,40,-9.709037780761719,0
325,14178995,308,308,False,1,1,-1.4983253479003906,0
325,30353437,211,211,False,2,18,-5.528712749481201,0
325,12909503,393,393,False,3,3,-2.6417899131774902,0
325,5572127,419,419,False,4,4,-3.421444892883301,0
325,3113630,378,378,False,5,7,-4.113941192626953,0
325,29689140,326,326,False,6,15,-5.484889984130859,0
325,10145528,444,444,False,7,11,-5.146552085876465,0
325,40349336,288,288,False,8,2,-2.556630849838257,1
325,8083310,429,429,False,9,8,-4.763445854187012,0
325,28517384,373,373,False,10,19,-5.570352077484131,0
325,21295300,308,308,False,11,16,-5.491362571716309,0
325,1127562,299,299,False,12,27,-6.424388885498047,0
325,13464392,454,454,False,13,23,-6.1892290115356445,0
325,30122260,223,223,False,14,38,-7.862789630889893,0
325,10012166,195,195,False,15,37,-7.803343772888184,0
325,11369420,259,259,False,16,6,-3.917255401611328,0
325,41790911,624,512,True,17,29,-6.577025413513184,0
325,14332945,267,267,False,18,28,-6.558009624481201,0
325,43192375,344,344,False,19,24,-6.286428928375244,0
325,24521894,341,341,False,20,32,-6.7729949951171875,0
325,24917562,466,466,False,21,12,-5.147107124328613,0
325,10542877,284,284,False,22,45,-9.139755249023438,0
325,20887554,526,512,True,23,17,-5.528435707092285,0
325,39225849,423,423,False,24,20,-5.818206310272217,0
325,16119973,409,409,False,25,10,-5.113151550292969,0
325,2543135,270,270,False,26,50,-10.371404647827148,0
325,29366489,310,310,False,27,25,-6.3876237869262695,0
325,22174015,297,297,False,28,39,-8.236083984375,0
325,12207340,319,319,False,29,46,-9.775063514709473,0
325,38131471,390,390,False,30,49,-10.334066390991211,0
325,41087952,369,369,False,31,13,-5.245451927185059,0
325,19912367,278,278,False,32,14,-5.405550003051758,0
325,52944377,288,288,False,33,42,-8.478401184082031,0
325,36904081,366,366,False,34,9,-4.929386615753174,0
325,33507866,415,415,False,35,22,-6.042844295501709,0
325,13791206,286,286,False,36,31,-6.708980083465576,0
325,31933981,234,234,False,37,35,-7.487266540527344,0
325,6250701,510,510,False,38,26,-6.400789260864258,0
325,164189,270,270,False,39,40,-8.361187934875488,0
325,39863735,275,275,False,40,36,-7.536055088043213,0
325,10530014,361,361,False,41,43,-8.66616439819336,0
325,13905670,276,276,False,42,48,-10.15767765045166,0
325,20363389,349,349,False,43,47,-9.80528736114502,0
325,2032877,444,444,False,44,33,-7.177012920379639,0
325,834336,523,512,True,45,44,-9.0498685836792,0
325,25827024,429,429,False,46,5,-3.8659515380859375,0
325,7717468,442,442,False,47,30,-6.605196475982666,0
325,5409325,465,465,False,48,34,-7.208611965179443,0
325,4452659,313,313,False,49,41,-8.450865745544434,0
325,5558754,651,512,True,50,21,-5.845257759094238,0
1306,17023584,289,289,False,1,9,4.432508945465088,0
1306,28517384,373,373,False,2,13,3.490912914276123,0
1306,31313782,500,500,False,3,8,4.499639987945557,0
1306,21498497,374,374,False,4,4,5.83380126953125,0
1306,23273454,438,438,False,5,7,4.778094291687012,0
1306,5798227,293,293,False,6,14,3.047024965286255,0
1306,3616843,484,484,False,7,5,5.413026809692383,0
1306,31272411,237,237,False,8,3,6.060464859008789,0
1306,51952430,347,347,False,9,10,4.3601603507995605,0
1306,46135768,237,237,False,10,11,4.296210765838623,0
1306,24042363,459,459,False,11,19,1.6698763370513916,0
1306,2647374,666,512,True,12,2,6.185131549835205,0
1306,32927401,133,133,False,13,22,1.4521121978759766,0
1306,9159125,411,411,False,14,31,-0.13813865184783936,0
1306,22505190,422,422,False,15,29,0.3237365782260895,0
1306,8596357,363,363,False,16,16,2.547752857208252,0
1306,40323148,214,214,False,17,20,1.6230449676513672,0
1306,25606339,442,442,False,18,1,6.829833030700684,0
1306,29509926,319,319,False,19,46,-4.694088935852051,0
1306,29015485,428,428,False,20,26,0.4343221187591553,0
1306,14644164,358,358,False,21,35,-0.9980578422546387,0
1306,14362780,337,337,False,22,15,2.825161933898926,0
1306,20960682,702,512,True,23,6,4.986597061157227,0
1306,24707550,403,403,False,24,21,1.4565911293029785,0
1306,56486733,566,512,True,25,23,1.4119805097579956,0
1306,5774746,405,405,False,26,25,1.2335915565490723,0
1306,364522,465,465,False,27,12,4.1189165115356445,0
1306,5500086,297,297,False,28,18,2.092200756072998,0
1306,2236768,290,290,False,29,43,-3.0336754322052,0
1306,4345315,409,409,False,30,34,-0.6850234866142273,0
1306,15889329,346,346,False,31,24,1.3998947143554688,0
1306,6000423,388,388,False,32,41,-2.8791685104370117,1
1306,44935041,415,415,False,33,44,-3.0431711673736572,0
1306,9878167,271,271,False,34,40,-1.715963363647461,0
1306,5836,421,421,False,35,27,0.42503809928894043,1
1306,17223891,229,229,False,36,42,-2.966339588165283,0
1306,21651116,177,177,False,37,45,-4.000146865844727,0
1306,2587396,249,249,False,38,28,0.3491191267967224,0
1306,3863543,303,303,False,39,36,-1.3146708011627197,0
1306,52095986,389,389,False,40,37,-1.4915307760238647,0
1306,28015516,365,365,False,41,17,2.130648136138916,0
1306,2405259,431,431,False,42,49,-7.617794036865234,0
1306,4664540,229,229,False,43,33,-0.3911256790161133,0
1306,4387484,414,414,False,44,39,-1.7159231901168823,0
1306,3107733,280,280,False,45,32,-0.17940911650657654,0
1306,31624828,244,244,False,46,48,-5.479124546051025,0
1306,13108582,486,486,False,47,38,-1.6641955375671387,0
1306,21439293,148,148,False,48,50,-10.734210968017578,0
1306,12658073,498,498,False,49,30,0.21585038304328918,0
1306,4394525,295,295,False,50,47,-4.954517841339111,0
925,17077004,422,422,False,1,1,5.997236728668213,1
925,14319754,512,512,False,2,3,-1.8422796726226807,0
925,57121667,239,239,False,3,25,-7.088794231414795,0
925,45461275,396,396,False,4,32,-7.65273380279541,0
925,22414304,466,466,False,5,2,-1.2385276556015015,0
925,1986482,365,365,False,6,28,-7.357760429382324,0
925,31363207,484,484,False,7,4,-2.2932920455932617,0
925,24596228,447,447,False,8,11,-4.889671325683594,0
925,29134911,244,244,False,9,38,-7.949469566345215,0
925,11230569,319,319,False,10,20,-6.457551956176758,0
925,28806780,264,264,False,11,9,-4.323281288146973,0
925,26124606,409,409,False,12,10,-4.52663516998291,0
925,28821565,189,189,False,13,29,-7.39469051361084,0
925,21479231,642,512,True,14,6,-3.283139944076538,0
925,46353045,343,343,False,15,24,-7.009178161621094,0
925,23304931,524,512,True,16,16,-5.996164321899414,0
925,10648422,308,308,False,17,43,-8.740537643432617,0
925,1259359,237,237,False,18,26,-7.089926719665527,0
925,31562330,357,357,False,19,34,-7.701783180236816,0
925,25134146,350,350,False,20,21,-6.49898099899292,0
925,23531592,124,124,False,21,42,-8.665236473083496,0
925,33339202,187,187,False,22,47,-9.32288646697998,0
925,13914633,539,512,True,23,12,-5.180809020996094,0
925,5752492,296,296,False,24,39,-8.365839004516602,0
925,2824347,271,271,False,25,46,-9.303085327148438,0
925,35987381,333,333,False,26,49,-9.596529960632324,0
925,25897733,315,315,False,27,15,-5.975327491760254,0
925,9021186,550,512,True,28,31,-7.638339996337891,0
925,24943534,297,297,False,29,17,-6.050741672515869,0
925,8563659,314,314,False,30,45,-9.119349479675293,0
925,15319019,739,512,True,31,36,-7.8312578201293945,0
925,2048139,485,485,False,32,19,-6.388412952423096,0
925,20261352,342,342,False,33,44,-8.988228797912598,0
925,36202354,361,361,False,34,27,-7.33238410949707,0
925,6501747,284,284,False,35,50,-10.588041305541992,0
925,16760369,657,512,True,36,5,-2.4242780208587646,0
925,44562058,217,217,False,37,30,-7.458874225616455,0
925,37444589,260,260,False,38,41,-8.650402069091797,0
925,22227889,276,276,False,39,13,-5.209357261657715,0
925,2058909,324,324,False,40,18,-6.277130126953125,0
925,3471191,849,512,True,41,14,-5.305643558502197,0
925,38793927,429,429,False,42,37,-7.85828161239624,0
925,5884524,501,501,False,43,7,-3.5768299102783203,0
925,374902,422,422,False,44,33,-7.661949634552002,0
925,9161988,195,195,False,45,40,-8.40505599975586,0
925,13899137,518,512,True,46,35,-7.738302707672119,0
925,18268012,401,401,False,47,48,-9.333231925964355,0
925,7111021,629,512,True,48,8,-3.9410057067871094,0
925,22688699,393,393,False,49,22,-6.743330001831055,0
925,13071728,811,512,True,50,23,-6.826624870300293,0
557,1049501,321,321,False,1,1,1.4062628746032715,1
557,13106686,304,304,False,2,2,0.465928316116333,0
557,9878167,268,268,False,3,9,-2.2385501861572266,0
557,13651792,231,231,False,4,13,-2.4366040229797363,0
557,19957813,264,264,False,5,25,-4.210602760314941,0
557,37362689,262,262,False,6,29,-4.923357963562012,0
557,28249680,286,286,False,7,7,-1.9758539199829102,0
557,8247597,249,249,False,8,10,-2.2411351203918457,0
557,38131471,387,387,False,9,8,-2.2209632396698,0
557,25251625,440,440,False,10,11,-2.283881425857544,0
557,20456030,258,258,False,11,3,0.4438556134700775,0
557,13380011,393,393,False,12,4,-0.2930859923362732,0
557,23403754,303,303,False,13,14,-2.551649570465088,0
557,2810997,358,358,False,14,40,-6.7471208572387695,0
557,4306711,281,281,False,15,34,-5.610614776611328,0
557,43054703,401,401,False,16,6,-1.2958300113677979,0
557,3883485,228,228,False,17,46,-7.42343807220459,0
557,2543135,267,267,False,18,15,-2.8371596336364746,0
557,1522647,550,512,True,19,18,-3.354715347290039,0
557,38623601,382,382,False,20,16,-3.2014896869659424,0
557,17368516,261,261,False,21,41,-7.081966400146484,0
557,4410181,466,466,False,22,17,-3.2092130184173584,0
557,24863571,272,272,False,23,35,-5.727424621582031,0
557,24349992,701,512,True,24,23,-3.9570229053497314,0
557,935538,277,277,False,25,43,-7.206287384033203,0
557,19922508,228,228,False,26,21,-3.8809471130371094,0
557,4399311,293,293,False,27,31,-5.356475353240967,0
557,544971,225,225,False,28,44,-7.223711967468262,0
557,20459964,294,294,False,29,33,-5.539158821105957,0
557,10698739,402,402,False,30,32,-5.5195207595825195,0
557,1991105,278,278,False,31,48,-7.992770195007324,0
557,1605196,229,229,False,32,36,-6.177115440368652,0
557,28107602,223,223,False,33,30,-4.966211318969727,0
557,8654183,589,512,True,34,12,-2.3370039463043213,0
557,16966326,341,341,False,35,27,-4.403788089752197,0
557,42873134,571,512,True,36,5,-0.6071172952651978,0
557,44693226,320,320,False,37,38,-6.2813615798950195,0
557,8551160,160,160,False,38,49,-8.088613510131836,0
557,6712836,198,198,False,39,37,-6.1852312088012695,0
557,43880096,306,306,False,40,47,-7.893208980560303,0
557,39381118,216,216,False,41,19,-3.393177032470703,0
557,1748921,332,332,False,42,28,-4.900232315063477,0
557,34439544,856,512,True,43,20,-3.8563830852508545,0
557,10704438,346,346,False,44,42,-7.167013645172119,0
557,10852047,443,443,False,45,26,-4.370790004730225,0
557,3107733,277,277,False,46,45,-7.270293712615967,0
557,18358026,242,242,False,47,24,-3.9967904090881348,0
557,9977329,183,183,False,48,39,-6.371525764465332,0
557,15836115,259,259,False,49,50,-8.291261672973633,0
557,10993232,196,196,False,50,22,-3.933166265487671,0
665,12580014,293,293,False,1,1,7.631386756896973,1
665,13989491,210,210,False,2,2,2.517063617706299,0
665,36310858,414,414,False,3,5,0.44290080666542053,0
665,9614443,540,512,True,4,8,0.027514617890119553,0
665,4447785,238,238,False,5,13,-1.2593634128570557,0
665,25738896,341,341,False,6,4,1.0654404163360596,0
665,15707049,262,262,False,7,32,-4.830068588256836,0
665,20310709,342,342,False,8,33,-4.9215989112854,0
665,4362729,306,306,False,9,28,-3.8300414085388184,0
665,7281161,397,397,False,10,14,-1.3909131288528442,0
665,44724517,237,237,False,11,3,1.1755900382995605,0
665,40558887,369,369,False,12,50,-9.568894386291504,0
665,3835423,308,308,False,13,37,-5.879306793212891,0
665,44801733,163,163,False,14,18,-2.521782636642456,0
665,6493422,260,260,False,15,10,-0.4377739131450653,0
665,24783597,600,512,True,16,26,-3.6638801097869873,0
665,32250572,439,439,False,17,36,-5.822498798370361,0
665,39559521,232,232,False,18,6,0.14702089130878448,0
665,13798951,207,207,False,19,38,-6.619849681854248,0
665,3952288,316,316,False,20,17,-1.5160261392593384,0
665,26059876,434,434,False,21,35,-5.668973922729492,0
665,22896384,410,410,False,22,30,-4.35635232925415,0
665,15405204,287,287,False,23,16,-1.423095703125,0
665,8354687,390,390,False,24,11,-1.0311086177825928,0
665,29785642,210,210,False,25,20,-3.0049610137939453,0
665,4561402,196,196,False,26,24,-3.5738556385040283,0
665,17539488,324,324,False,27,47,-8.754859924316406,0
665,6455142,291,291,False,28,23,-3.569267988204956,0
665,20179918,364,364,False,29,29,-3.9961793422698975,0
665,11233339,239,239,False,30,46,-8.72988510131836,0
665,4427060,334,334,False,31,43,-8.178854942321777,0
665,301838,315,315,False,32,9,-0.2583326995372772,0
665,1499964,121,121,False,33,42,-7.490013122558594,0
665,13964633,474,474,False,34,15,-1.4228711128234863,0
665,5612738,342,342,False,35,21,-3.055358648300171,0
665,11535539,426,426,False,36,39,-6.818536758422852,0
665,15727984,403,403,False,37,45,-8.702118873596191,0
665,6948886,369,369,False,38,19,-2.9793310165405273,0
665,45096063,261,261,False,39,40,-6.831107139587402,0
665,2316374,499,499,False,40,7,0.14008520543575287,0
665,40367499,245,245,False,41,44,-8.45485782623291,0
665,46617075,232,232,False,42,34,-5.580690383911133,0
665,25089501,319,319,False,43,49,-9.242752075195312,0
665,16237005,232,232,False,44,31,-4.6788177490234375,0
665,9095394,474,474,False,45,12,-1.2343485355377197,0
665,471921,240,240,False,46,48,-8.915079116821289,0
665,6333347,475,475,False,47,41,-7.335212707519531,0
665,10485142,628,512,True,48,27,-3.7065937519073486,0
665,20935673,436,436,False,49,25,-3.6049437522888184,0
665,18488986,427,427,False,50,22,-3.0569753646850586,0
30,24341590,728,512,True,1,1,4.870254993438721,1
30,13069283,476,476,False,2,2,3.977569341659546,0
30,20454006,557,512,True,3,3,2.262815475463867,0
30,12438901,943,512,True,4,4,0.5293118953704834,0
30,4886637,282,282,False,5,39,-7.345611572265625,0
30,31311495,471,471,False,6,5,0.20754015445709229,0
30,22482820,303,303,False,7,25,-5.308359146118164,0
30,195680777,840,512,True,8,6,0.05856385454535484,0
30,16098747,418,418,False,9,33,-6.92692756652832,0
30,313403,331,331,False,10,9,-0.9356992840766907,0
30,23284774,362,362,False,11,24,-4.530887126922607,0
30,24349992,703,512,True,12,8,-0.6327944993972778,0
30,15721252,453,453,False,13,10,-1.0018353462219238,0
30,17163294,450,450,False,14,17,-2.4886248111724854,0
30,13007205,656,512,True,15,13,-1.7791451215744019,0
30,1171121,489,489,False,16,23,-3.6009624004364014,0
30,13831558,376,376,False,17,45,-8.936134338378906,0
30,3285322,426,426,False,18,37,-7.109543323516846,0
30,27240667,383,383,False,19,41,-7.5062055587768555,0
30,24988745,371,371,False,20,29,-6.649655818939209,0
30,20127522,403,403,False,21,11,-1.4959182739257812,0
30,2015126,166,166,False,22,34,-6.967442512512207,0
30,25973484,287,287,False,23,47,-9.026638984680176,0
30,7821634,363,363,False,24,12,-1.6297507286071777,0
30,32534305,344,344,False,25,42,-8.271405220031738,0
30,16701509,525,512,True,26,40,-7.356821060180664,0
30,15559582,235,235,False,27,31,-6.720071792602539,0
30,4429932,367,367,False,28,7,-0.21565502882003784,0
30,25732836,496,496,False,29,16,-2.34848690032959,0
30,20886584,496,496,False,30,20,-2.8513662815093994,0
30,13831842,386,386,False,31,49,-9.87142562866211,0
30,3329824,510,510,False,32,19,-2.7892043590545654,0
30,45638119,258,258,False,33,26,-5.855202674865723,0
30,27123743,276,276,False,34,46,-9.004483222961426,0
30,37480103,531,512,True,35,44,-8.841456413269043,0
30,21033230,304,304,False,36,22,-3.5746312141418457,0
30,38551172,445,445,False,37,36,-7.000668048858643,0
30,2328272,371,371,False,38,27,-6.330170154571533,0
30,23557241,458,458,False,39,32,-6.835160255432129,0
30,2931832,465,465,False,40,35,-6.976190567016602,0
30,25121903,372,372,False,41,43,-8.687094688415527,0
30,2130391,407,407,False,42,30,-6.691580772399902,0
30,5864770,379,379,False,43,28,-6.58250617980957,0
30,9394119,930,512,True,44,50,-10.182218551635742,0
30,1389264,257,257,False,45,15,-2.29911470413208,0
30,31616203,439,439,False,46,14,-2.204864025115967,0
30,6550579,463,463,False,47,21,-3.3582770824432373,0
30,40735046,259,259,False,48,48,-9.612018585205078,0
30,1379127,187,187,False,49,18,-2.5504326820373535,0
30,24575065,739,512,True,50,38,-7.334350109100342,0
448,24705390,450,450,False,1,4,4.673238754272461,0
448,2052720,351,351,False,2,2,6.28949499130249,1
448,22703082,260,260,False,3,1,7.460531711578369,0
448,29367554,431,431,False,4,9,2.2674052715301514,0
448,39550665,446,446,False,5,5,3.85516357421875,0
448,26488879,319,319,False,6,3,5.709267616271973,0
448,7465900,528,512,True,7,6,3.554335117340088,0
448,14729253,544,512,True,8,10,1.9797084331512451,0
448,2099400,136,136,False,9,14,-0.9120445251464844,0
448,8654183,593,512,True,10,12,1.4785218238830566,0
448,17464771,292,292,False,11,15,-1.2048660516738892,0
448,4387784,442,442,False,12,7,2.692979335784912,0
448,20330519,348,348,False,13,11,1.8937219381332397,0
448,34258065,126,126,False,14,8,2.278149127960205,0
448,13965483,329,329,False,15,18,-4.0299906730651855,0
448,2205779,417,417,False,16,30,-6.140602111816406,0
448,33127778,169,169,False,17,47,-8.650113105773926,0
448,2837758,265,265,False,18,19,-4.2133588790893555,0
448,9285396,415,415,False,19,32,-6.351765155792236,0
448,29190724,322,322,False,20,31,-6.171243667602539,0
448,22049489,293,293,False,21,22,-4.963014602661133,0
448,52925737,455,455,False,22,26,-5.692737579345703,0
448,8447873,410,410,False,23,40,-7.9878315925598145,0
448,2494748,666,512,True,24,16,-1.7246429920196533,0
448,21414718,430,430,False,25,38,-7.868046760559082,0
448,5783785,289,289,False,26,23,-5.019290924072266,0
448,44672703,487,487,False,27,13,0.7268477082252502,0
448,86326468,405,405,False,28,34,-6.880875587463379,0
448,25263810,493,493,False,29,39,-7.946239471435547,0
448,12513042,442,442,False,30,45,-8.466002464294434,0
448,5800138,396,396,False,31,28,-5.976726531982422,0
448,27396415,334,334,False,32,27,-5.866473197937012,0
448,25878014,346,346,False,33,29,-6.080880165100098,0
448,7098463,518,512,True,34,44,-8.422231674194336,0
448,86160128,273,273,False,35,50,-10.080087661743164,0
448,10761515,152,152,False,36,46,-8.565041542053223,0
448,21956124,396,396,False,37,25,-5.639657497406006,0
448,37405449,180,180,False,38,43,-8.305849075317383,0
448,23573229,439,439,False,39,20,-4.637843608856201,0
448,29947146,462,462,False,40,36,-7.561275959014893,0
448,23649163,421,421,False,41,37,-7.6168599128723145,0
448,4474874,539,512,True,42,35,-7.391907691955566,0
448,12943966,488,488,False,43,41,-8.019094467163086,0
448,6334188,526,512,True,44,17,-3.0551114082336426,0
448,31834381,401,401,False,45,33,-6.357094764709473,0
448,25786167,395,395,False,46,49,-10.006097793579102,0
448,756887,327,327,False,47,48,-9.748562812805176,0
448,26702468,199,199,False,48,42,-8.260159492492676,0
448,4465735,367,367,False,49,24,-5.121411323547363,0
448,8963413,387,387,False,50,21,-4.647421836853027,0
774,11569583,289,289,False,1,2,0.6169130206108093,0
774,27635177,334,334,False,2,5,-0.9817289113998413,0
774,12552297,283,283,False,3,4,-0.9212329983711243,0
774,31293581,319,319,False,4,8,-2.4082276821136475,0
774,43014661,372,372,False,5,1,3.0169637203216553,0
774,3173489,370,370,False,6,7,-2.0041937828063965,0
774,13025574,326,326,False,7,50,-10.271183013916016,0
774,16630060,265,265,False,8,21,-4.504672050476074,0
774,44172171,253,253,False,9,46,-8.945440292358398,0
774,2701077,287,287,False,10,38,-7.834659576416016,0
774,28441310,297,297,False,11,32,-6.779613494873047,0
774,43880096,324,324,False,12,29,-6.583844184875488,0
774,7986878,485,485,False,13,26,-5.761525630950928,0
774,9291596,364,364,False,14,42,-8.517702102661133,0
774,6536598,313,313,False,15,23,-4.9576005935668945,0
774,23599024,391,391,False,16,28,-6.452652454376221,0
774,5572127,434,434,False,17,3,-0.6312568187713623,0
774,10015292,330,330,False,18,36,-7.41788911819458,0
774,19356271,245,245,False,19,18,-4.103253364562988,0
774,7151961,257,257,False,20,40,-8.06525993347168,0
774,18987782,475,475,False,21,10,-2.681490659713745,0
774,32275758,324,324,False,22,9,-2.5109353065490723,1
774,4993011,325,325,False,23,6,-1.9003040790557861,0
774,4468861,446,446,False,24,35,-7.216075897216797,0
774,17553026,334,334,False,25,11,-3.1615865230560303,0
774,5273056,378,378,False,26,41,-8.124192237854004,0
774,17368516,279,279,False,27,14,-3.449662685394287,0
774,35684881,491,491,False,28,15,-3.727447032928467,0
774,1695604,303,303,False,29,19,-4.142816066741943,0
774,40349336,303,303,False,30,16,-4.069557189941406,0
774,13072112,284,284,False,31,22,-4.888579368591309,0
774,4444861,310,310,False,32,27,-6.286412239074707,0
774,37912677,330,330,False,33,48,-9.726609230041504,0
774,23698769,257,257,False,34,13,-3.391594886779785,0
774,40901687,367,367,False,35,25,-5.420937538146973,0
774,9767444,442,442,False,36,31,-6.6647539138793945,0
774,29851836,246,246,False,37,47,-9.034929275512695,0
774,2481032,441,441,False,38,12,-3.2653863430023193,0
774,13907427,314,314,False,39,45,-8.854331016540527,0
774,2679511,399,399,False,40,24,-5.320758819580078,0
774,28904104,251,251,False,41,33,-6.890349864959717,0
774,15305881,280,280,False,42,44,-8.821599006652832,0
774,13106686,322,322,False,43,20,-4.433862686157227,0
774,34747208,199,199,False,44,39,-7.951349258422852,0
774,19951373,321,321,False,45,37,-7.764421463012695,0
774,15678772,316,316,False,46,49,-10.178775787353516,0
774,21855837,229,229,False,47,30,-6.661090850830078,0
774,1711571,532,512,True,48,43,-8.744386672973633,0
774,25238950,403,403,False,49,34,-7.025691986083984,0
774,10627801,373,373,False,50,17,-4.09459114074707,0
90,25068298,327,327,False,1,1,3.223191261291504,0
90,22973574,240,240,False,2,2,3.101130247116089,0
90,22406695,248,248,False,3,3,2.8521671295166016,1
90,12827098,285,285,False,4,4,1.3971490859985352,0
90,7521113,285,285,False,5,8,-1.1363270282745361,0
90,5511240,301,301,False,6,7,-0.3548094928264618,0
90,14550841,255,255,False,7,6,-0.05596575886011124,0
90,25148216,483,483,False,8,12,-2.984912633895874,0
90,4325137,318,318,False,9,9,-1.57941734790802,0
90,17119869,314,314,False,10,17,-4.308228492736816,0
90,4380451,258,258,False,11,10,-1.742325782775879,0
90,24594624,448,448,False,12,11,-2.957855701446533,0
90,34982259,193,193,False,13,15,-4.051637649536133,0
90,9550981,225,225,False,14,18,-4.334567070007324,0
90,12411274,317,317,False,15,21,-5.307756423950195,0
90,30468386,420,420,False,16,26,-5.900129318237305,0
90,15833835,241,241,False,17,25,-5.88621711730957,0
90,7489663,211,211,False,18,47,-8.656356811523438,0
90,43192375,343,343,False,19,39,-7.576226234436035,0
90,20033112,333,333,False,20,27,-6.433019638061523,0
90,20186814,308,308,False,21,32,-6.991409778594971,0
90,16863359,379,379,False,22,14,-3.8703413009643555,0
90,10190778,210,210,False,23,46,-8.518519401550293,0
90,8318286,153,153,False,24,22,-5.564493179321289,0
90,24766509,414,414,False,25,16,-4.281744003295898,0
90,37699461,317,317,False,26,33,-7.028998851776123,0
90,4254064,283,283,False,27,5,0.9860275983810425,0
90,19770974,213,213,False,28,19,-4.698451995849609,0
90,9784254,274,274,False,29,48,-8.972861289978027,0
90,24282306,162,162,False,30,28,-6.571663856506348,0
90,3360421,220,220,False,31,23,-5.589336395263672,0
90,6446747,241,241,False,32,35,-7.268965721130371,0
90,25994317,403,403,False,33,37,-7.304321765899658,0
90,25677651,454,454,False,34,44,-8.262702941894531,0
90,2437807,250,250,False,35,36,-7.298867225646973,0
90,9412420,274,274,False,36,31,-6.894870281219482,0
90,9076196,300,300,False,37,30,-6.741548538208008,0
90,21626639,461,461,False,38,42,-7.836958408355713,0
90,24707550,402,402,False,39,40,-7.595822811126709,0
90,16905344,419,419,False,40,24,-5.804376602172852,0
90,14192687,373,373,False,41,43,-8.004129409790039,0
90,515489,530,512,True,42,13,-3.506377696990967,0
90,2192419,248,248,False,43,45,-8.34688949584961,0
90,2853291,313,313,False,44,34,-7.090674877166748,0
90,164985,349,349,False,45,49,-9.004911422729492,0
90,14893428,219,219,False,46,41,-7.608577728271484,0
90,9705208,235,235,False,47,29,-6.612447738647461,0
90,12966719,226,226,False,48,20,-4.883762836456299,0
90,36345578,227,227,False,49,50,-9.983776092529297,0
90,16627684,328,328,False,50,38,-7.430667400360107,0
813,33387953,398,398,False,1,1,7.165814399719238,1
813,22036571,391,391,False,2,13,-1.7722089290618896,0
813,21307488,313,313,False,3,29,-3.8880131244659424,0
813,21551568,479,479,False,4,19,-2.4666833877563477,0
813,4993011,327,327,False,5,9,-1.277188777923584,0
813,26495128,378,378,False,6,30,-3.9075121879577637,0
813,85665741,608,512,True,7,7,-0.8560295104980469,0
813,14171859,328,328,False,8,26,-3.63596248626709,0
813,15322518,314,314,False,9,21,-2.7075881958007812,0
813,42873134,591,512,True,10,28,-3.8722984790802,0
813,4387484,431,431,False,11,38,-5.584916591644287,0
813,24249915,407,407,False,12,17,-2.362353801727295,0
813,46617075,248,248,False,13,16,-2.274876594543457,0
813,38023457,264,264,False,14,22,-2.8625073432922363,0
813,17648235,715,512,True,15,6,-0.5477859973907471,0
813,39929509,418,418,False,16,3,-0.1052895188331604,0
813,14019636,344,344,False,17,32,-4.401523113250732,0
813,12948892,345,345,False,18,47,-7.064384937286377,0
813,6363093,510,510,False,19,8,-1.151852011680603,0
813,8677721,503,503,False,20,5,-0.5062012076377869,0
813,33638477,379,379,False,21,23,-3.260505199432373,0
813,55040297,258,258,False,22,49,-9.020002365112305,0
813,2272614,314,314,False,23,11,-1.471234679222107,0
813,4396105,361,361,False,24,4,-0.3141885995864868,0
813,14241418,548,512,True,25,12,-1.4852017164230347,0
813,25328476,493,493,False,26,43,-6.253578186035156,0
813,11271123,501,501,False,27,15,-2.089053153991699,0
813,21164071,605,512,True,28,2,0.12349360436201096,0
813,18810195,378,378,False,29,36,-4.988114356994629,0
813,6121555,427,427,False,30,24,-3.337982177734375,0
813,27403802,388,388,False,31,42,-6.177919387817383,0
813,4920376,259,259,False,32,35,-4.979603290557861,0
813,11615242,270,270,False,33,41,-5.996757507324219,0
813,22482024,341,341,False,34,33,-4.559776782989502,0
813,12685434,434,434,False,35,10,-1.2775599956512451,0
813,24144677,362,362,False,36,20,-2.5353341102600098,0
813,3590806,519,512,True,37,25,-3.5460126399993896,0
813,11565780,282,282,False,38,40,-5.956002235412598,0
813,22174015,314,314,False,39,46,-6.948541641235352,0
813,16472469,316,316,False,40,31,-4.16093111038208,0
813,9687772,301,301,False,41,44,-6.367372989654541,0
813,8133180,377,377,False,42,34,-4.611725807189941,0
813,26118532,614,512,True,43,37,-5.054152488708496,0
813,24624992,440,440,False,44,45,-6.459014892578125,0
813,23078022,407,407,False,45,18,-2.434910774230957,0
813,13411519,527,512,True,46,14,-2.0369620323181152,0
813,39326723,203,203,False,47,48,-7.756497383117676,0
813,13329980,448,448,False,48,27,-3.7378509044647217,0
813,6386930,347,347,False,49,39,-5.942273139953613,0
813,38752049,379,379,False,50,50,-9.065242767333984,0
1109,11748341,450,450,False,1,8,-6.8685302734375,0
1109,43128141,89,89,False,2,29,-9.805368423461914,0
1109,23967973,461,461,False,3,10,-7.196450233459473,0
1109,49429882,476,476,False,4,31,-9.863775253295898,0
1109,70704988,257,257,False,5,49,-11.092999458312988,0
1109,21050357,318,318,False,6,6,-6.555690765380859,0
1109,33740844,403,403,False,7,21,-8.840180397033691,0
1109,17415081,334,334,False,8,28,-9.792783737182617,0
1109,44624045,468,468,False,9,12,-8.077726364135742,0
1109,2613775,241,241,False,10,2,-4.868544578552246,0
1109,11630388,344,344,False,11,14,-8.249030113220215,0
1109,75636923,415,415,False,12,11,-8.056262016296387,0
1109,12207167,1063,512,True,13,27,-9.458131790161133,0
1109,6313547,268,268,False,14,41,-10.369373321533203,0
1109,8582337,732,512,True,15,15,-8.265657424926758,1
1109,19079491,136,136,False,16,35,-10.137104034423828,0
1109,834336,515,512,True,17,3,-5.413862705230713,0
1109,12709184,511,511,False,18,13,-8.08944320678711,0
1109,40349336,280,280,False,19,19,-8.800731658935547,0
1109,22544171,320,320,False,20,18,-8.690631866455078,0
1109,4313478,346,346,False,21,34,-10.123811721801758,0
1109,19460822,239,239,False,22,44,-10.452880859375,0
1109,756887,318,318,False,23,40,-10.350215911865234,0
1109,20288322,347,347,False,24,23,-9.199129104614258,0
1109,33257464,492,492,False,25,25,-9.366155624389648,0
1109,2543135,262,262,False,26,22,-9.1065673828125,0
1109,1456068,554,512,True,27,4,-5.447377681732178,0
1109,8529693,516,512,True,28,32,-9.929786682128906,0
1109,4345757,200,200,False,29,20,-8.836749076843262,0
1109,935034,290,290,False,30,39,-10.281684875488281,0
1109,31324978,227,227,False,31,24,-9.308162689208984,0
1109,30786800,732,512,True,32,43,-10.452105522155762,0
1109,42873134,566,512,True,33,1,-4.229905128479004,0
1109,2605032,427,427,False,34,33,-10.046398162841797,0
1109,4463811,290,290,False,35,48,-10.978809356689453,0
1109,9315213,468,468,False,36,30,-9.857789993286133,0
1109,52188256,466,466,False,37,16,-8.371562957763672,0
1109,4841908,205,205,False,38,37,-10.221982955932617,0
1109,9513785,393,393,False,39,38,-10.251644134521484,0
1109,12810152,596,512,True,40,17,-8.397360801696777,0
1109,10010651,246,246,False,41,42,-10.382246971130371,0
1109,16630060,242,242,False,42,46,-10.75546646118164,0
1109,195689316,765,512,True,43,26,-9.425439834594727,0
1109,27408104,524,512,True,44,45,-10.563720703125,0
1109,6718824,472,472,False,45,9,-7.181319236755371,0
1109,24097933,440,440,False,46,5,-6.443325996398926,0
1109,36124058,216,216,False,47,50,-11.11221981048584,0
1109,31562330,350,350,False,48,47,-10.871355056762695,0
1109,52072815,773,512,True,49,7,-6.779489994049072,0
1109,19278208,421,421,False,50,36,-10.208803176879883,0
1120,26710772,511,511,False,1,4,6.149121284484863,0
1120,5323845,430,430,False,2,1,6.57341194152832,1
1120,18997216,579,512,True,3,2,6.525774002075195,1
1120,13907928,578,512,True,4,3,6.239922523498535,1
1120,8596837,407,407,False,5,5,0.5830569267272949,0
1120,9197786,334,334,False,6,20,-6.53196382522583,0
1120,22236223,529,512,True,7,24,-7.0692596435546875,0
1120,4409524,372,372,False,8,12,-4.84612512588501,0
1120,6718824,469,469,False,9,8,-3.971388339996338,0
1120,30983338,474,474,False,10,34,-8.937870025634766,0
1120,21297708,343,343,False,11,39,-9.396015167236328,0
1120,14419116,372,372,False,12,27,-8.129936218261719,0
1120,37916361,455,455,False,13,35,-9.000922203063965,0
1120,25687558,385,385,False,14,6,-1.9932184219360352,0
1120,33740844,400,400,False,15,19,-6.508434295654297,0
1120,12451492,311,311,False,16,38,-9.157397270202637,0
1120,356218,414,414,False,17,32,-8.801856994628906,0
1120,37731372,252,252,False,18,44,-10.113794326782227,0
1120,41131087,294,294,False,19,36,-9.054218292236328,0
1120,58006489,271,271,False,20,16,-5.956230163574219,0
1120,11360768,493,493,False,21,11,-4.342999458312988,0
1120,25293721,514,512,True,22,7,-2.966003179550171,0
1120,68317730,554,512,True,23,22,-6.5777177810668945,0
1120,4550036,262,262,False,24,28,-8.469003677368164,0
1120,25182647,399,399,False,25,33,-8.858003616333008,0
1120,20544428,433,433,False,26,13,-4.901830196380615,0
1120,35714909,397,397,False,27,49,-10.784547805786133,0
1120,19529370,426,426,False,28,37,-9.142072677612305,0
1120,19278208,418,418,False,29,17,-5.962244033813477,0
1120,2958458,291,291,False,30,30,-8.690117835998535,0
1120,70455704,258,258,False,31,47,-10.404556274414062,0
1120,25475802,340,340,False,32,41,-9.918521881103516,0
1120,8842332,663,512,True,33,42,-10.053024291992188,0
1120,73323408,394,394,False,34,45,-10.239776611328125,0
1120,22820637,254,254,False,35,48,-10.705911636352539,0
1120,29387024,979,512,True,36,40,-9.697463989257812,0
1120,16546131,480,480,False,37,9,-4.044264793395996,0
1120,3912660,596,512,True,38,23,-6.796017646789551,0
1120,43226130,389,389,False,39,21,-6.564822196960449,0
1120,1701063,504,504,False,40,10,-4.071735382080078,0
1120,5107861,367,367,False,41,25,-7.1777729988098145,0
1120,1958440,145,145,False,42,43,-10.077865600585938,0
1120,34582256,355,355,False,43,14,-5.0421223640441895,0
1120,26611834,663,512,True,44,29,-8.613794326782227,0
1120,18104691,397,397,False,45,31,-8.691422462463379,0
1120,13448422,393,393,False,46,18,-6.1271514892578125,0
1120,27129115,604,512,True,47,26,-7.3167595863342285,0
1120,25691541,284,284,False,48,50,-10.90609359741211,0
1120,22467585,404,404,False,49,15,-5.111929893493652,0
1120,14893428,209,209,False,50,46,-10.261314392089844,0
973,6561200,561,512,True,1,5,4.905257225036621,0
973,27446873,513,512,True,2,1,6.432811260223389,1
973,27873158,926,512,True,3,2,5.853586196899414,1
973,9764256,1179,512,True,4,3,5.591984272003174,1
973,829646,444,444,False,5,11,1.5825172662734985,0
973,28617573,850,512,True,6,4,5.330047607421875,1
973,46695481,563,512,True,7,6,4.666948318481445,0
973,19140422,771,512,True,8,7,4.428925037384033,0
973,76415938,897,512,True,9,13,0.3350529074668884,0
973,7650066,434,434,False,10,8,3.4531502723693848,0
973,16980892,533,512,True,11,9,2.615891695022583,0
973,23136735,571,512,True,12,14,0.12167225033044815,0
973,5433667,456,456,False,13,15,-1.0408382415771484,0
973,20422174,478,478,False,14,10,1.593451976776123,0
973,13857083,410,410,False,15,12,0.437482088804245,0
973,46355579,360,360,False,16,16,-1.3687193393707275,0
973,6748318,489,489,False,17,25,-5.931395530700684,0
973,32177659,479,479,False,18,18,-1.9052703380584717,0
973,1203035,423,423,False,19,17,-1.7528305053710938,0
973,25742130,356,356,False,20,31,-7.505607604980469,0
973,12779444,226,226,False,21,35,-8.100460052490234,0
973,36355784,348,348,False,22,27,-6.352876663208008,0
973,22815457,447,447,False,23,34,-7.980327606201172,0
973,24205118,467,467,False,24,21,-4.4635772705078125,0
973,756887,335,335,False,25,39,-8.211584091186523,0
973,26067999,1969,512,True,26,50,-10.650789260864258,0
973,1996292,569,512,True,27,20,-3.9800782203674316,0
973,13831558,386,386,False,28,37,-8.192739486694336,0
973,10692412,628,512,True,29,23,-5.19056510925293,0
973,22309946,459,459,False,30,19,-3.9193224906921387,0
973,32084655,345,345,False,31,47,-9.868578910827637,0
973,23126677,763,512,True,32,30,-7.3668437004089355,0
973,12471115,576,512,True,33,26,-5.986904144287109,0
973,36721932,498,498,False,34,29,-7.260959148406982,0
973,18263406,218,218,False,35,36,-8.169198036193848,0
973,25786167,403,403,False,36,38,-8.19597053527832,0
973,41074251,328,328,False,37,44,-8.584376335144043,0
973,5735492,554,512,True,38,46,-9.046568870544434,0
973,32423829,382,382,False,39,33,-7.882357597351074,0
973,14664424,486,486,False,40,22,-4.766768455505371,0
973,3413083,603,512,True,41,48,-10.430696487426758,0
973,5850219,930,512,True,42,49,-10.522265434265137,0
973,285794,132,132,False,43,41,-8.521297454833984,0
973,2205779,425,425,False,44,24,-5.67318058013916,0
973,21550246,263,263,False,45,28,-7.048008441925049,0
973,45015767,738,512,True,46,43,-8.577220916748047,0
973,7736860,446,446,False,47,32,-7.769152641296387,0
973,46127781,267,267,False,48,42,-8.56964111328125,0
973,25263942,464,464,False,49,40,-8.431915283203125,0
973,4911006,443,443,False,50,45,-8.608081817626953,0
755,10494012,230,230,False,1,21,-3.1513116359710693,0
755,9558539,342,342,False,2,12,-2.477229595184326,0
755,27647593,449,449,False,3,26,-3.5238919258117676,0
755,2130391,405,405,False,4,6,-0.8732883930206299,0
755,24726600,336,336,False,5,36,-4.728504180908203,0
755,878526,354,354,False,6,35,-4.669369697570801,0
755,16532419,572,512,True,7,5,-0.43175119161605835,0
755,40382183,170,170,False,8,41,-5.681845664978027,0
755,22488511,405,405,False,9,16,-2.7705516815185547,0
755,24349992,701,512,True,10,15,-2.686953544616699,0
755,13636631,170,170,False,11,47,-6.584474563598633,0
755,35443524,192,192,False,12,30,-4.3366899490356445,0
755,8702697,436,436,False,13,34,-4.658534049987793,0
755,4447785,234,234,False,14,42,-5.711197853088379,0
755,7451018,471,471,False,15,3,0.3461610674858093,0
755,13011249,233,233,False,16,17,-2.795977830886841,0
755,31933981,231,231,False,17,1,1.7487189769744873,0
755,24282306,160,160,False,18,43,-5.9320387840271,0
755,4429118,198,198,False,19,33,-4.410419464111328,0
755,5864770,377,377,False,20,9,-1.5509467124938965,0
755,23122306,303,303,False,21,7,-0.9461268186569214,0
755,5836,418,418,False,22,27,-3.5747733116149902,0
755,39128592,213,213,False,23,29,-4.176706314086914,0
755,597790,348,348,False,24,18,-2.841461181640625,0
755,32742683,196,196,False,25,11,-2.0069499015808105,0
755,25315295,348,348,False,26,39,-5.038293361663818,0
755,21439640,529,512,True,27,25,-3.419806480407715,0
755,4928282,409,409,False,28,44,-5.963236331939697,0
755,3376731,328,328,False,29,10,-1.866273045539856,0
755,1834762,268,268,False,30,14,-2.6721343994140625,0
755,34103335,313,313,False,31,2,0.7253934144973755,0
755,16086778,286,286,False,32,31,-4.364415645599365,0
755,40127292,297,297,False,33,45,-6.126119613647461,0
755,15946643,323,323,False,34,8,-1.0439823865890503,0
755,219475,326,326,False,35,32,-4.372348785400391,0
755,7975937,280,280,False,36,28,-3.876110792160034,0
755,15521377,1544,512,True,37,20,-3.089951992034912,0
755,6082738,154,154,False,38,40,-5.414685249328613,0
755,46617075,228,228,False,39,37,-4.800256729125977,0
755,35993767,386,386,False,40,22,-3.1594157218933105,0
755,1360607,367,367,False,41,48,-6.671344757080078,0
755,7046487,155,155,False,42,50,-7.841244220733643,0
755,20388894,270,270,False,43,46,-6.498128890991211,0
755,381602,373,373,False,44,19,-2.9899418354034424,0
755,22049489,289,289,False,45,13,-2.580996513366699,0
755,164985,347,347,False,46,24,-3.3590757846832275,0
755,8639034,470,470,False,47,38,-4.983201503753662,0
755,22059387,392,392,False,48,23,-3.1757850646972656,0
755,13070316,578,512,True,49,4,-0.32995158433914185,0
755,3419802,250,250,False,50,49,-7.466033935546875,0
828,14584755,216,216,False,1,2,1.3271349668502808,0
828,6157837,484,484,False,2,1,2.1656737327575684,0
828,26199970,512,512,False,3,4,-0.2477966547012329,0
828,1759213,389,389,False,4,9,-1.0926108360290527,0
828,26025370,446,446,False,5,14,-2.7474660873413086,0
828,43417006,312,312,False,6,18,-3.433554172515869,0
828,27428509,989,512,True,7,19,-4.147865295410156,0
828,25816994,721,512,True,8,7,-1.006561517715454,0
828,2522977,289,289,False,9,43,-7.258540153503418,0
828,44030361,502,502,False,10,29,-5.725706100463867,0
828,12197393,367,367,False,11,12,-2.0172362327575684,0
828,4700428,489,489,False,12,6,-0.5408650636672974,0
828,17546486,521,512,True,13,10,-1.1796252727508545,0
828,25515662,237,237,False,14,35,-6.861873626708984,0
828,10284593,357,357,False,15,25,-5.0057454109191895,0
828,4409524,378,378,False,16,27,-5.163666725158691,0
828,12451492,317,317,False,17,39,-7.049583435058594,0
828,10342807,459,459,False,18,46,-7.764777183532715,0
828,6397191,454,454,False,19,5,-0.32443341612815857,0
828,35747505,521,512,True,20,24,-4.972476959228516,0
828,40145839,188,188,False,21,30,-5.7554521560668945,0
828,7821634,359,359,False,22,13,-2.328683853149414,0
828,3669694,467,467,False,23,16,-3.143742084503174,0
828,35724562,403,403,False,24,44,-7.321544647216797,0
828,5785219,303,303,False,25,32,-5.9407057762146,0
828,8460275,256,256,False,26,34,-6.5367631912231445,0
828,32463364,459,459,False,27,20,-4.223177909851074,0
828,3831884,454,454,False,28,28,-5.453514099121094,0
828,45770026,394,394,False,29,41,-7.191545486450195,0
828,4425507,538,512,True,30,36,-6.9199538230896,0
828,38944245,399,399,False,31,23,-4.805699825286865,0
828,3825750,518,512,True,32,40,-7.150771617889404,0
828,5573975,392,392,False,33,11,-1.250126600265503,0
828,23260700,373,373,False,34,31,-5.819791793823242,0
828,5256564,276,276,False,35,48,-8.906660079956055,0
828,14121786,512,512,False,36,22,-4.794054985046387,0
828,35345807,449,449,False,37,17,-3.263305187225342,0
828,10697096,559,512,True,38,37,-7.028437614440918,0
828,46743299,302,302,False,39,49,-9.10612964630127,0
828,24731248,284,284,False,40,42,-7.19991397857666,0
828,43890638,358,358,False,41,26,-5.036555290222168,0
828,3866315,492,492,False,42,8,-1.0378680229187012,0
828,9600826,371,371,False,43,15,-3.0846047401428223,0
828,22036571,369,369,False,44,33,-5.970239639282227,0
828,2086909,301,301,False,45,38,-7.036803245544434,0
828,5849439,257,257,False,46,47,-8.902023315429688,0
828,28334217,429,429,False,47,21,-4.281148433685303,0
828,4405194,313,313,False,48,45,-7.480326175689697,0
828,24005548,238,238,False,49,3,-0.006465047597885132,0
828,612002,226,226,False,50,50,-9.430039405822754,0
1302,37037012,460,460,False,1,1,-2.443631172180176,0
1302,6993046,414,414,False,2,18,-6.254617691040039,0
1302,106301,298,298,False,3,42,-9.28373908996582,0
1302,52175065,670,512,True,4,4,-3.786181688308716,0
1302,25970224,463,463,False,5,3,-3.6096363067626953,0
1302,6549091,420,420,False,6,31,-7.949548244476318,0
1302,2774906,483,483,False,7,7,-4.9895853996276855,0
1302,43566999,415,415,False,8,48,-9.762535095214844,0
1302,27460509,333,333,False,9,24,-7.054743766784668,0
1302,34328964,209,209,False,10,21,-6.389843463897705,0
1302,13448422,395,395,False,11,22,-6.812394142150879,0
1302,40156901,505,505,False,12,6,-4.411623001098633,0
1302,35271381,441,441,False,13,26,-7.324483871459961,0
1302,1590744,182,182,False,14,40,-9.177591323852539,0
1302,13514898,506,506,False,15,5,-4.270888328552246,0
1302,51865482,478,478,False,16,13,-5.780030250549316,0
1302,40631095,454,454,False,17,25,-7.31998348236084,0
1302,13768432,535,512,True,18,23,-6.949615478515625,0
1302,9634465,483,483,False,19,35,-8.629420280456543,0
1302,5431268,481,481,False,20,12,-5.3947272300720215,0
1302,1686881,498,498,False,21,14,-5.99444580078125,0
1302,23737024,510,510,False,22,28,-7.369621276855469,0
1302,2060137,440,440,False,23,39,-8.942010879516602,0
1302,37673301,154,154,False,24,45,-9.577180862426758,0
1302,34139429,666,512,True,25,17,-6.250398635864258,0
1302,2062382,225,225,False,26,46,-9.598258018493652,0
1302,4932668,279,279,False,27,44,-9.567974090576172,0
1302,25301182,658,512,True,28,30,-7.822637557983398,0
1302,9622258,514,512,True,29,20,-6.295921325683594,0
1302,4164929,255,255,False,30,41,-9.20538330078125,0
1302,29526125,585,512,True,31,8,-5.086551666259766,0
1302,43048059,507,507,False,32,2,-3.086275100708008,0
1302,22080671,375,375,False,33,49,-10.574560165405273,0
1302,43483151,242,242,False,34,38,-8.797122955322266,0
1302,9122283,429,429,False,35,10,-5.242889404296875,0
1302,8509018,426,426,False,36,32,-7.95862340927124,0
1302,31200375,385,385,False,37,36,-8.671524047851562,0
1302,37205759,449,449,False,38,34,-8.353845596313477,0
1302,32322418,390,390,False,39,9,-5.202648639678955,0
1302,28542402,181,181,False,40,43,-9.490955352783203,0
1302,3285059,390,390,False,41,33,-7.994275093078613,0
1302,14584755,212,212,False,42,27,-7.343158721923828,0
1302,41913714,207,207,False,43,29,-7.820983409881592,0
1302,23783727,559,512,True,44,11,-5.329189300537109,0
1302,21789744,460,460,False,45,16,-6.184332370758057,0
1302,20186814,300,300,False,46,50,-10.725064277648926,0
1302,46743299,298,298,False,47,47,-9.66193675994873,0
1302,22281684,317,317,False,48,19,-6.284701347351074,0
1302,23195674,435,435,False,49,15,-6.0368804931640625,0
1302,4460880,282,282,False,50,37,-8.790705680847168,0
182,6374918,382,382,False,1,1,4.28997802734375,0
182,19510470,237,237,False,2,3,1.5405651330947876,0
182,11344428,412,412,False,3,12,-0.08556456863880157,0
182,9460704,396,396,False,4,11,0.080433689057827,0
182,43587663,416,416,False,5,6,1.0713982582092285,0
182,10795340,384,384,False,6,7,0.7597599625587463,0
182,8385277,477,477,False,7,4,1.5158106088638306,0
182,27907205,261,261,False,8,20,-1.9537079334259033,0
182,4387494,459,459,False,9,2,2.3575780391693115,0
182,39851630,397,397,False,10,15,-0.6601070761680603,0
182,18806488,343,343,False,11,42,-6.116063117980957,0
182,5415832,192,192,False,12,24,-2.368973731994629,0
182,24795767,463,463,False,13,18,-1.5811830759048462,0
182,8764879,411,411,False,14,14,-0.24601370096206665,0
182,38745690,268,268,False,15,17,-1.1733992099761963,0
182,13205096,406,406,False,16,5,1.4609085321426392,0
182,37248765,272,272,False,17,8,0.40359318256378174,0
182,54561384,290,290,False,18,25,-2.3975887298583984,0
182,7583161,258,258,False,19,29,-3.299093723297119,0
182,9412420,276,276,False,20,39,-5.404716491699219,0
182,3090454,283,283,False,21,26,-2.432741641998291,0
182,10582939,760,512,True,22,41,-6.104766845703125,0
182,42601237,588,512,True,23,10,0.29593604803085327,0
182,11369420,260,260,False,24,13,-0.18179069459438324,1
182,46193388,152,152,False,25,33,-3.881002187728882,0
182,4856149,322,322,False,26,48,-7.4110188484191895,0
182,2559303,385,385,False,27,9,0.3750167191028595,0
182,1617327,319,319,False,28,40,-5.755303382873535,0
182,10128893,560,512,True,29,36,-4.636186599731445,0
182,10078024,342,342,False,30,45,-7.193897247314453,0
182,5765455,376,376,False,31,21,-2.0609846115112305,0
182,3462075,538,512,True,32,16,-0.9874681234359741,0
182,4380004,360,360,False,33,47,-7.336484909057617,0
182,24466904,215,215,False,34,23,-2.205927848815918,0
182,5132358,448,448,False,35,19,-1.8527151346206665,0
182,5836,422,422,False,36,30,-3.3979358673095703,0
182,9478135,377,377,False,37,28,-3.154982089996338,0
182,188911,441,441,False,38,46,-7.196183204650879,0
182,23777820,452,452,False,39,34,-4.097832679748535,0
182,13509809,286,286,False,40,22,-2.1011602878570557,0
182,8137081,302,302,False,41,44,-7.034979820251465,0
182,20690388,383,383,False,42,35,-4.239250183105469,0
182,1373287,575,512,True,43,43,-6.419532775878906,0
182,17876040,378,378,False,44,37,-4.684154510498047,0
182,25985964,571,512,True,45,32,-3.7534499168395996,0
182,8427306,303,303,False,46,27,-3.0194835662841797,0
182,33387953,382,382,False,47,50,-8.566253662109375,0
182,301866,286,286,False,48,38,-4.847468852996826,0
182,32170702,291,291,False,49,31,-3.6041061878204346,0
182,28738741,265,265,False,50,49,-8.015329360961914,0
703,16557565,238,238,False,1,1,2.90435791015625,0
703,4350400,353,353,False,2,6,-3.54876446723938,1
703,38675228,184,184,False,3,2,0.6844362616539001,0
703,19950357,333,333,False,4,5,-2.864690065383911,0
703,435529,407,407,False,5,10,-4.529808044433594,0
703,20402596,343,343,False,6,31,-9.130279541015625,0
703,1354567,319,319,False,7,3,-1.3177542686462402,0
703,14926162,368,368,False,8,13,-5.729278564453125,0
703,10504681,253,253,False,9,17,-7.065616607666016,0
703,20868160,388,388,False,10,4,-2.101642608642578,0
703,38751591,537,512,True,11,8,-3.794854164123535,0
703,8536018,228,228,False,12,20,-7.30677604675293,0
703,5849439,259,259,False,13,21,-7.444211959838867,0
703,1669173,285,285,False,14,7,-3.569612741470337,0
703,40429879,339,339,False,15,15,-6.587621212005615,0
703,14797520,279,279,False,16,14,-6.046525955200195,0
703,23576726,436,436,False,17,11,-4.985670566558838,0
703,4544916,255,255,False,18,27,-8.20062255859375,0
703,11083121,205,205,False,19,33,-9.445253372192383,0
703,14610165,265,265,False,20,26,-8.139835357666016,0
703,2988714,245,245,False,21,30,-8.985065460205078,0
703,1333643,353,353,False,22,25,-7.9983344078063965,0
703,86231298,380,380,False,23,12,-5.349544525146484,0
703,33063763,408,408,False,24,19,-7.157869338989258,0
703,2991954,302,302,False,25,28,-8.559136390686035,0
703,4324278,327,327,False,26,22,-7.499912261962891,0
703,4411760,416,416,False,27,47,-11.162605285644531,0
703,15868816,164,164,False,28,48,-11.316252708435059,0
703,38380061,257,257,False,29,16,-6.868110656738281,0
703,19572798,311,311,False,30,34,-9.744434356689453,0
703,26596106,354,354,False,31,36,-10.033748626708984,0
703,25550665,309,309,False,32,32,-9.280242919921875,0
703,36623997,259,259,False,33,9,-4.439635276794434,0
703,10212612,237,237,False,34,29,-8.881357192993164,0
703,12871281,227,227,False,35,38,-10.258453369140625,0
703,1695604,285,285,False,36,43,-11.00748348236084,0
703,4313478,351,351,False,37,44,-11.035821914672852,0
703,11721676,362,362,False,38,41,-10.835275650024414,0
703,31154082,354,354,False,39,40,-10.785120010375977,0
703,21230110,410,410,False,40,37,-10.151897430419922,0
703,31902059,314,314,False,41,50,-11.336484909057617,0
703,86602746,610,512,True,42,42,-10.93646240234375,0
703,14338915,356,356,False,43,18,-7.095566749572754,0
703,3514072,331,331,False,44,49,-11.324169158935547,0
703,12966719,224,224,False,45,45,-11.043133735656738,0
703,9507605,424,424,False,46,24,-7.819220066070557,0
703,32598644,382,382,False,47,39,-10.638614654541016,0
703,1676568,300,300,False,48,35,-10.001321792602539,0
703,778436,202,202,False,49,46,-11.096206665039062,0
703,4388082,420,420,False,50,23,-7.8064165115356445,0
1249,7209559,506,506,False,1,1,3.255603313446045,1
1249,14103509,273,273,False,2,29,-10.020187377929688,0
1249,44048701,771,512,True,3,19,-9.105052947998047,0
1249,44572913,469,469,False,4,6,-7.076608657836914,0
1249,26000593,514,512,True,5,16,-8.724627494812012,0
1249,19878070,716,512,True,6,4,-6.588022232055664,0
1249,19182166,398,398,False,7,23,-9.456987380981445,0
1249,19529370,427,427,False,8,9,-8.292901992797852,0
1249,11246427,677,512,True,9,15,-8.629371643066406,0
1249,4687948,638,512,True,10,12,-8.455394744873047,0
1249,16812091,416,416,False,11,32,-10.194206237792969,0
1249,35621259,469,469,False,12,2,-5.194458961486816,0
1249,24724242,470,470,False,13,3,-5.869182586669922,0
1249,17625068,242,242,False,14,17,-8.762081146240234,0
1249,9555784,538,512,True,15,13,-8.51043701171875,0
1249,11716783,353,353,False,16,36,-10.336404800415039,0
1249,18691097,519,512,True,17,14,-8.542204856872559,0
1249,42080024,350,350,False,18,31,-10.091424942016602,0
1249,30639847,712,512,True,19,45,-10.960025787353516,0
1249,21472388,572,512,True,20,5,-6.7971649169921875,0
1249,33733520,517,512,True,21,8,-8.20272159576416,0
1249,45276789,109,109,False,22,7,-8.011579513549805,0
1249,108886332,224,224,False,23,43,-10.8016357421875,0
1249,26409363,455,455,False,24,30,-10.067817687988281,0
1249,3613041,740,512,True,25,22,-9.437713623046875,0
1249,14252892,486,486,False,26,11,-8.406548500061035,0
1249,19824183,340,340,False,27,21,-9.379341125488281,0
1249,4432763,406,406,False,28,49,-11.156299591064453,0
1249,34753204,349,349,False,29,27,-9.885478973388672,0
1249,42291761,212,212,False,30,38,-10.38225269317627,0
1249,23746332,247,247,False,31,42,-10.759580612182617,0
1249,1606628,574,512,True,32,39,-10.383552551269531,0
1249,9538708,303,303,False,33,46,-10.976598739624023,0
1249,42404093,439,439,False,34,26,-9.846061706542969,0
1249,22057077,114,114,False,35,47,-10.99191951751709,0
1249,23908217,457,457,False,36,25,-9.709358215332031,0
1249,19675911,416,416,False,37,20,-9.122024536132812,0
1249,24906548,336,336,False,38,35,-10.278562545776367,0
1249,16495649,255,255,False,39,33,-10.268390655517578,0
1249,1102268,424,424,False,40,10,-8.388315200805664,0
1249,20610390,325,325,False,41,34,-10.26982307434082,0
1249,6876224,154,154,False,42,48,-11.125764846801758,0
1249,38873881,272,272,False,43,41,-10.642096519470215,0
1249,5824985,775,512,True,44,44,-10.805830001831055,0
1249,19427410,308,308,False,45,37,-10.368617057800293,0
1249,103007,181,181,False,46,50,-11.17074203491211,0
1249,9056874,180,180,False,47,28,-9.97071647644043,0
1249,24408040,409,409,False,48,24,-9.698625564575195,0
1249,33257464,490,490,False,49,40,-10.479034423828125,0
1249,13907928,579,512,True,50,18,-8.785337448120117,0
1053,3716075,485,485,False,1,4,-4.921673774719238,0
1053,2097256,370,370,False,2,1,-1.8935811519622803,0
1053,18816720,665,512,True,3,2,-2.389749526977539,1
1053,17454301,321,321,False,4,6,-6.273747444152832,0
1053,8665891,302,302,False,5,3,-4.70054292678833,0
1053,6766459,356,356,False,6,15,-8.344261169433594,0
1053,4810810,567,512,True,7,5,-6.246536731719971,0
1053,13702924,392,392,False,8,23,-9.21583080291748,0
1053,24922825,384,384,False,9,44,-10.697179794311523,0
1053,13882658,256,256,False,10,8,-6.9471211433410645,0
1053,11026600,382,382,False,11,13,-8.198591232299805,0
1053,129199129,351,351,False,12,46,-10.794325828552246,0
1053,27527854,280,280,False,13,32,-9.942184448242188,0
1053,8063697,417,417,False,14,14,-8.316139221191406,0
1053,7485455,422,422,False,15,20,-8.858074188232422,0
1053,34582256,361,361,False,16,25,-9.241026878356934,0
1053,8593263,354,354,False,17,34,-10.079020500183105,0
1053,8133050,279,279,False,18,38,-10.238738059997559,0
1053,25308734,437,437,False,19,35,-10.18915843963623,0
1053,35651106,242,242,False,20,47,-10.845368385314941,0
1053,20931483,237,237,False,21,17,-8.513608932495117,0
1053,14260013,493,493,False,22,9,-7.547030925750732,0
1053,9254550,507,507,False,23,18,-8.728099822998047,0
1053,37248570,919,512,True,24,30,-9.740838050842285,0
1053,18074797,612,512,True,25,19,-8.739943504333496,0
1053,16172576,330,330,False,26,7,-6.5846266746521,0
1053,9539248,341,341,False,27,36,-10.220968246459961,0
1053,25499612,337,337,False,28,29,-9.680015563964844,0
1053,13770184,1037,512,True,29,11,-8.095638275146484,0
1053,52072815,776,512,True,30,31,-9.913470268249512,0
1053,1349033,307,307,False,31,40,-10.43899917602539,0
1053,11349166,380,380,False,32,16,-8.511087417602539,0
1053,42373943,398,398,False,33,37,-10.222366333007812,0
1053,10559501,433,433,False,34,48,-10.878368377685547,0
1053,8373753,511,511,False,35,33,-10.036956787109375,0
1053,581832,877,512,True,36,21,-8.901516914367676,0
1053,38376189,230,230,False,37,41,-10.47974967956543,0
1053,6077214,123,123,False,38,50,-11.013992309570312,0
1053,34287602,385,385,False,39,45,-10.770809173583984,0
1053,7299977,246,246,False,40,39,-10.423822402954102,0
1053,27866735,569,512,True,41,12,-8.141997337341309,0
1053,519974,245,245,False,42,43,-10.628166198730469,0
1053,12885341,307,307,False,43,49,-10.96023941040039,0
1053,1805641,628,512,True,44,10,-8.031795501708984,0
1053,14924526,186,186,False,45,27,-9.480210304260254,0
1053,5114282,475,475,False,46,24,-9.238245964050293,0
1053,23665162,493,493,False,47,26,-9.46173095703125,0
1053,7647224,391,391,False,48,22,-8.919221878051758,0
1053,253672,429,429,False,49,28,-9.549278259277344,0
1053,24088502,515,512,True,50,42,-10.595640182495117,0
371,1550937,277,277,False,1,1,7.9966278076171875,1
371,7399084,210,210,False,2,2,4.489834785461426,0
371,38587347,319,319,False,3,20,0.31696027517318726,0
371,42693833,271,271,False,4,4,4.370674133300781,0
371,29125354,266,266,False,5,5,2.4310660362243652,0
371,14644164,352,352,False,6,13,1.1040091514587402,0
371,32101982,283,283,False,7,10,1.828805685043335,0
371,21012916,260,260,False,8,8,1.8868242502212524,0
371,22210434,229,229,False,9,24,-0.3445580005645752,0
371,11666252,146,146,False,10,17,0.7377674579620361,0
371,13923140,239,239,False,11,9,1.8308273553848267,0
371,5003144,256,256,False,12,40,-2.0371735095977783,0
371,17997584,262,262,False,13,11,1.6898820400238037,0
371,4418070,333,333,False,14,6,2.428516387939453,0
371,21392223,451,451,False,15,30,-1.1733884811401367,0
371,41877386,541,512,True,16,33,-1.3205097913742065,0
371,10354110,195,195,False,17,39,-1.868544101715088,0
371,3765739,320,320,False,18,26,-0.860244631767273,0
371,28206748,236,236,False,19,38,-1.8314377069473267,0
371,25353658,491,491,False,20,41,-2.457155704498291,0
371,19561411,392,392,False,21,16,0.7525140047073364,0
371,34254203,240,240,False,22,47,-3.925395965576172,0
371,25085979,174,174,False,23,50,-6.467796802520752,0
371,21366394,371,371,False,24,32,-1.305635690689087,0
371,23305884,463,463,False,25,29,-1.106865406036377,0
371,15058155,365,365,False,26,7,2.1605093479156494,0
371,51952430,341,341,False,27,23,-0.24188700318336487,0
371,5406411,219,219,False,28,3,4.439382076263428,0
371,28644298,609,512,True,29,22,0.028884202241897583,0
371,266641,323,323,False,30,34,-1.3233234882354736,0
371,2462673,306,306,False,31,42,-2.5440423488616943,0
371,29347970,260,260,False,32,27,-0.9224135875701904,0
371,8629328,166,166,False,33,49,-5.8864970207214355,0
371,15488881,227,227,False,34,14,1.0700114965438843,0
371,22997657,313,313,False,35,36,-1.621093988418579,0
371,4394817,373,373,False,36,45,-3.368286371231079,0
371,14767844,211,211,False,37,18,0.7217729687690735,0
371,21320417,171,171,False,38,35,-1.518159031867981,0
371,38502066,271,271,False,39,44,-3.164064407348633,0
371,22874817,292,292,False,40,15,0.8177723288536072,0
371,28006126,312,312,False,41,37,-1.7739869356155396,0
371,9787715,301,301,False,42,31,-1.2143374681472778,0
371,26071782,336,336,False,43,21,0.202452152967453,0
371,18489989,354,354,False,44,48,-4.115656852722168,0
371,3849194,284,284,False,45,12,1.2537938356399536,0
371,3935126,550,512,True,46,43,-2.7810511589050293,0
371,10165258,313,313,False,47,28,-0.9282200336456299,0
371,857189,337,337,False,48,19,0.4764927923679352,0
371,2452989,281,281,False,49,46,-3.4808831214904785,0
371,40473317,340,340,False,50,25,-0.5303508043289185,0
572,8596357,370,370,False,1,9,-2.981783390045166,0
572,72159,366,366,False,2,11,-3.2241015434265137,0
572,10648422,316,316,False,3,5,-2.2038378715515137,0
572,9278263,155,155,False,4,26,-5.579707145690918,0
572,5752492,304,304,False,5,13,-3.77839994430542,0
572,7343711,237,237,False,6,3,-2.0606095790863037,0
572,1574014,420,420,False,7,7,-2.453035354614258,0
572,13231899,403,403,False,8,4,-2.065560817718506,0
572,4347374,353,353,False,9,32,-6.360830307006836,0
572,18938992,392,392,False,10,18,-4.2807087898254395,0
572,24042363,466,466,False,11,39,-6.909542083740234,0
572,18237384,286,286,False,12,17,-4.253481388092041,0
572,14241418,538,512,True,13,16,-4.098114013671875,0
572,2947124,230,230,False,14,12,-3.6156296730041504,0
572,24157077,199,199,False,15,23,-5.321863174438477,0
572,30379039,151,151,False,16,33,-6.521095275878906,0
572,8005007,387,387,False,17,36,-6.767218589782715,0
572,26047921,475,475,False,18,10,-3.0745015144348145,0
572,7224723,257,257,False,19,14,-3.8212366104125977,0
572,1234098,295,295,False,20,25,-5.494106292724609,0
572,67045088,395,395,False,21,22,-5.286038398742676,0
572,11784947,355,355,False,22,19,-4.431787490844727,0
572,5991309,242,242,False,23,31,-6.197695732116699,0
572,29015485,435,435,False,24,34,-6.549042224884033,0
572,27240699,209,209,False,25,8,-2.7733516693115234,0
572,23420807,631,512,True,26,1,-1.0170888900756836,0
572,12966719,234,234,False,27,47,-8.101518630981445,0
572,25124117,349,349,False,28,48,-8.771265029907227,0
572,21651116,184,184,False,29,40,-6.9330244064331055,0
572,7370282,348,348,False,30,28,-5.9357075691223145,0
572,7451018,481,481,False,31,41,-7.353065490722656,0
572,11020556,270,270,False,32,38,-6.895524501800537,0
572,306006,216,216,False,33,21,-4.83258056640625,0
572,20261352,350,350,False,34,35,-6.598687171936035,0
572,8858602,260,260,False,35,49,-8.852129936218262,0
572,20357868,360,360,False,36,42,-7.353216171264648,0
572,25515662,249,249,False,37,37,-6.816057205200195,0
572,16572581,342,342,False,38,43,-7.546800136566162,0
572,27555165,364,364,False,39,45,-7.96112060546875,0
572,21700295,489,489,False,40,24,-5.460500240325928,0
572,6936141,423,423,False,41,27,-5.65834903717041,0
572,20960682,709,512,True,42,2,-1.6956970691680908,0
572,6404801,293,293,False,43,29,-6.073604583740234,0
572,16172576,342,342,False,44,46,-8.079434394836426,0
572,8698857,303,303,False,45,50,-10.021645545959473,0
572,32556431,316,316,False,46,44,-7.686262130737305,0
572,6559701,216,216,False,47,30,-6.158885478973389,0
572,1900152,209,209,False,48,15,-3.8606343269348145,0
572,1454773,441,441,False,49,6,-2.397773027420044,0
572,15425958,457,457,False,50,20,-4.7783918380737305,0
1005,3952288,320,320,False,1,2,7.5993475914001465,1
1005,39128592,221,221,False,2,4,3.2943274974823,0
1005,301838,319,319,False,3,1,8.391069412231445,1
1005,2734421,278,278,False,4,3,5.637781143188477,1
1005,13989491,214,214,False,5,5,1.1546998023986816,0
1005,24828165,333,333,False,6,6,0.9003174304962158,0
1005,20155713,193,193,False,7,10,-1.4555476903915405,0
1005,39559521,236,236,False,8,7,0.8623676300048828,0
1005,32906513,207,207,False,9,14,-3.106873035430908,0
1005,10162553,423,423,False,10,8,-0.08000880479812622,0
1005,18882947,467,467,False,11,16,-3.414153575897217,0
1005,38502066,282,282,False,12,9,-1.2336150407791138,0
1005,34905328,252,252,False,13,17,-3.638566493988037,0
1005,25738896,345,345,False,14,19,-4.038399696350098,0
1005,20220731,347,347,False,15,40,-6.9438252449035645,0
1005,18488986,431,431,False,16,18,-3.759415864944458,0
1005,4561402,200,200,False,17,26,-5.083786964416504,0
1005,8354687,394,394,False,18,11,-1.6795165538787842,0
1005,21272977,243,243,False,19,20,-4.165891647338867,0
1005,28206748,247,247,False,20,32,-5.590667247772217,0
1005,1336292,391,391,False,21,43,-7.423011779785156,0
1005,3758260,280,280,False,22,23,-4.700716495513916,0
1005,43619625,443,443,False,23,27,-5.086923599243164,0
1005,12580014,297,297,False,24,15,-3.3064393997192383,0
1005,39776978,272,272,False,25,34,-5.702366352081299,0
1005,317204,511,511,False,26,22,-4.564797401428223,0
1005,3788528,249,249,False,27,46,-8.659158706665039,0
1005,1897324,266,266,False,28,35,-5.737252235412598,0
1005,21392223,462,462,False,29,37,-5.769440174102783,0
1005,5321708,481,481,False,30,33,-5.61747407913208,0
1005,18953920,269,269,False,31,25,-4.93438196182251,0
1005,10485142,632,512,True,32,31,-5.446599006652832,0
1005,11902109,363,363,False,33,29,-5.292862892150879,0
1005,43661837,352,352,False,34,38,-5.786152362823486,0
1005,15405204,291,291,False,35,13,-2.9309163093566895,0
1005,20344442,357,357,False,36,39,-5.913821697235107,0
1005,226488,179,179,False,37,12,-2.739398956298828,0
1005,18126445,347,347,False,38,45,-7.909624099731445,0
1005,25085979,185,185,False,39,28,-5.130494117736816,0
1005,33030946,479,479,False,40,24,-4.854764938354492,0
1005,40349336,293,293,False,41,49,-9.455141067504883,0
1005,26374799,387,387,False,42,41,-6.9864091873168945,0
1005,25928548,333,333,False,43,30,-5.429116725921631,0
1005,23418635,310,310,False,44,47,-9.277658462524414,0
1005,12737132,222,222,False,45,48,-9.352936744689941,0
1005,8133180,365,365,False,46,36,-5.765822410583496,0
1005,45414636,234,234,False,47,42,-7.082314491271973,0
1005,17648235,703,512,True,48,21,-4.277238845825195,0
1005,22896384,414,414,False,49,44,-7.5684990882873535,0
1005,2086909,311,311,False,50,50,-10.165885925292969,0
1027,22185730,440,440,False,1,1,5.543331146240234,0
1027,3113630,380,380,False,2,2,2.8187623023986816,1
1027,52873726,372,372,False,3,33,-5.154025554656982,0
1027,23634484,322,322,False,4,18,-3.151564121246338,0
1027,29806339,231,231,False,5,22,-3.3753247261047363,0
1027,21307488,298,298,False,6,6,-1.1221009492874146,0
1027,16208091,303,303,False,7,25,-3.8150110244750977,0
1027,36464673,543,512,True,8,13,-2.360793113708496,0
1027,665817,385,385,False,9,35,-5.426451683044434,0
1027,6157371,320,320,False,10,39,-5.987534523010254,0
1027,24730100,466,466,False,11,19,-3.1824145317077637,0
1027,33912020,319,319,False,12,8,-1.4974994659423828,0
1027,29422484,491,491,False,13,7,-1.39528489112854,0
1027,23895668,247,247,False,14,26,-3.943751335144043,0
1027,22968257,261,261,False,15,5,-0.5616810917854309,0
1027,38751591,542,512,True,16,34,-5.308553218841553,0
1027,14362678,297,297,False,17,27,-4.230414390563965,0
1027,23974474,535,512,True,18,4,1.2004117965698242,0
1027,18810195,363,363,False,19,21,-3.340318441390991,0
1027,38811597,331,331,False,20,31,-4.734719276428223,0
1027,35884026,329,329,False,21,20,-3.2392706871032715,0
1027,6492658,250,250,False,22,40,-6.376077651977539,0
1027,8417211,432,432,False,23,9,-1.515286922454834,0
1027,26019505,443,443,False,24,17,-3.035219430923462,0
1027,20630805,285,285,False,25,30,-4.405292510986328,0
1027,16686383,415,415,False,26,3,2.4197869300842285,0
1027,24721866,519,512,True,27,12,-1.890326738357544,0
1027,21199527,580,512,True,28,41,-6.3871355056762695,0
1027,1964163,321,321,False,29,14,-2.368666648864746,0
1027,27093166,554,512,True,30,16,-2.663529396057129,0
1027,14874811,296,296,False,31,42,-6.484462738037109,0
1027,36838958,451,451,False,32,10,-1.623457670211792,0
1027,37964706,479,479,False,33,32,-5.102368354797363,0
1027,38300781,187,187,False,34,49,-10.471630096435547,0
1027,12640810,331,331,False,35,36,-5.48177433013916,0
1027,5927534,274,274,False,36,38,-5.759374141693115,0
1027,9301606,364,364,False,37,47,-8.479692459106445,0
1027,22500262,453,453,False,38,15,-2.4457058906555176,0
1027,8698857,298,298,False,39,24,-3.7755074501037598,0
1027,3973445,405,405,False,40,11,-1.8211681842803955,0
1027,19205437,354,354,False,41,48,-8.857454299926758,0
1027,17194716,323,323,False,42,44,-7.4350199699401855,0
1027,13760557,396,396,False,43,43,-6.556512832641602,0
1027,33063763,413,413,False,44,46,-8.344762802124023,0
1027,30437264,282,282,False,45,28,-4.29274320602417,0
1027,10279084,428,428,False,46,45,-7.553218841552734,0
1027,26688294,354,354,False,47,23,-3.66239333152771,0
1027,21932297,370,370,False,48,50,-10.6259183883667,0
1027,5798227,295,295,False,49,29,-4.320660591125488,0
1027,3831884,461,461,False,50,37,-5.6405534744262695,0
280,25001628,376,376,False,1,1,5.811521530151367,1
280,5238341,306,306,False,2,2,-0.30577927827835083,0
280,21164071,588,512,True,3,18,-4.669190883636475,0
280,19482914,277,277,False,4,11,-3.994563579559326,0
280,44387884,377,377,False,5,8,-3.3772459030151367,0
280,24670522,323,323,False,6,6,-2.332033634185791,0
280,2931832,466,466,False,7,17,-4.442220687866211,0
280,14075252,153,153,False,8,25,-5.63397741317749,0
280,5266423,298,298,False,9,21,-4.929292678833008,0
280,15981174,281,281,False,10,14,-4.208451271057129,0
280,35660758,444,444,False,11,29,-5.947756767272949,0
280,7873737,482,482,False,12,32,-6.312734603881836,0
280,22123421,526,512,True,13,26,-5.651491165161133,0
280,25543207,440,440,False,14,22,-5.215346336364746,0
280,23195674,444,444,False,15,34,-6.48294734954834,0
280,2842550,535,512,True,16,20,-4.894673824310303,0
280,17897801,449,449,False,17,30,-6.080316066741943,0
280,22371455,310,310,False,18,47,-8.471429824829102,0
280,23783727,568,512,True,19,42,-7.585107803344727,0
280,2587396,249,249,False,20,19,-4.68826961517334,0
280,21931005,453,453,False,21,33,-6.316733360290527,0
280,24730100,464,464,False,22,16,-4.291014671325684,0
280,8219248,419,419,False,23,23,-5.21962833404541,0
280,25420421,325,325,False,24,44,-8.029207229614258,0
280,10530014,361,361,False,25,36,-6.486730098724365,0
280,12039953,395,395,False,26,43,-7.899495601654053,0
280,6158879,828,512,True,27,41,-7.515310764312744,0
280,12358173,437,437,False,28,9,-3.5864205360412598,0
280,18064113,390,390,False,29,38,-6.686675071716309,0
280,23716150,277,277,False,30,3,-1.8521603345870972,0
280,37297740,251,251,False,31,49,-8.68985366821289,0
280,3056682,408,408,False,32,13,-4.110988616943359,0
280,23190392,290,290,False,33,48,-8.551627159118652,0
280,9196472,401,401,False,34,15,-4.258194923400879,0
280,3495456,446,446,False,35,35,-6.483892440795898,0
280,34016987,451,451,False,36,12,-4.076552391052246,0
280,6796297,383,383,False,37,40,-7.151059627532959,0
280,31543713,203,203,False,38,10,-3.8330068588256836,0
280,71625969,299,299,False,39,45,-8.18366813659668,0
280,39164524,360,360,False,40,37,-6.683351993560791,0
280,19149247,196,196,False,41,24,-5.253389358520508,0
280,8331432,294,294,False,42,46,-8.190268516540527,0
280,20707861,179,179,False,43,4,-2.1224002838134766,0
280,33118292,339,339,False,44,28,-5.867541313171387,0
280,14672919,568,512,True,45,31,-6.098113059997559,0
280,13702924,397,397,False,46,39,-6.701813220977783,0
280,18662787,296,296,False,47,27,-5.718001365661621,0
280,12315072,319,319,False,48,50,-9.031039237976074,0
280,47240151,268,268,False,49,7,-2.342146158218384,0
280,3845894,293,293,False,50,5,-2.3209292888641357,0
68,21295300,302,302,False,1,1,9.081189155578613,1
68,29422484,483,483,False,2,3,5.559567451477051,0
68,38131471,384,384,False,3,9,0.7797460556030273,0
68,29429111,357,357,False,4,12,-0.014467265456914902,0
68,17231273,494,494,False,5,7,1.0605157613754272,0
68,21219071,450,450,False,6,4,1.9964673519134521,0
68,28697248,244,244,False,7,14,-0.31697601079940796,0
68,10704438,343,343,False,8,19,-1.6357755661010742,0
68,43880096,303,303,False,9,13,-0.019455038011074066,0
68,23052989,273,273,False,10,2,6.018918037414551,0
68,12909503,387,387,False,11,6,1.353226661682129,0
68,20231138,294,294,False,12,28,-3.3539013862609863,0
68,10015292,309,309,False,13,30,-3.5416460037231445,0
68,36831892,190,190,False,14,47,-6.873518943786621,0
68,47018050,187,187,False,15,20,-1.6630295515060425,0
68,31347396,303,303,False,16,16,-1.0998600721359253,0
68,10852047,440,440,False,17,5,1.9461278915405273,0
68,40901687,346,346,False,18,15,-0.5019475221633911,0
68,25251625,437,437,False,19,22,-1.777398705482483,0
68,14332945,261,261,False,20,32,-3.6699814796447754,0
68,34436231,194,194,False,21,10,0.16323894262313843,0
68,14460402,287,287,False,22,24,-2.1687474250793457,0
68,5572127,413,413,False,23,8,0.8079454302787781,0
68,31293581,298,298,False,24,38,-4.875710487365723,0
68,24185667,301,301,False,25,23,-1.898810625076294,0
68,16630060,244,244,False,26,42,-5.101134300231934,0
68,28107602,220,220,False,27,11,0.08275699615478516,0
68,14848619,298,298,False,28,29,-3.4713597297668457,0
68,30122260,217,217,False,29,33,-3.903864860534668,0
68,1941721,252,252,False,30,37,-4.726016998291016,0
68,13023410,273,273,False,31,26,-2.9593329429626465,0
68,2701077,266,266,False,32,40,-4.955587863922119,0
68,21521236,322,322,False,33,17,-1.2918319702148438,0
68,928281,356,356,False,34,45,-6.434525489807129,0
68,30353437,205,205,False,35,49,-7.110522270202637,0
68,14496749,285,285,False,36,34,-3.973477363586426,0
68,22937815,198,198,False,37,41,-4.977322578430176,0
68,44408494,341,341,False,38,18,-1.357146978378296,0
68,15600979,491,491,False,39,27,-3.1878321170806885,0
68,2543135,264,264,False,40,31,-3.5554773807525635,0
68,1103795,248,248,False,41,39,-4.942306041717529,0
68,13906892,215,215,False,42,46,-6.7743916511535645,0
68,7157436,235,235,False,43,43,-5.750626564025879,0
68,30224907,266,266,False,44,35,-4.325105667114258,0
68,33667484,275,275,False,45,50,-8.272196769714355,0
68,213017,327,327,False,46,36,-4.352269172668457,0
68,4394525,289,289,False,47,48,-7.012678146362305,0
68,4412772,407,407,False,48,25,-2.5770058631896973,0
68,12641252,270,270,False,49,21,-1.7640273571014404,0
68,19079491,138,138,False,50,44,-5.805913925170898,0
858,9076196,294,294,False,1,11,-2.9637742042541504,0
858,12315072,312,312,False,2,10,-2.9605183601379395,0
858,22049489,285,285,False,3,1,1.6553115844726562,0
858,1982286,293,293,False,4,2,0.050399839878082275,1
858,8385277,469,469,False,5,6,-1.7417030334472656,0
858,16364639,273,273,False,6,8,-2.60557222366333,0
858,3559136,236,236,False,7,7,-1.8723852634429932,0
858,57783564,449,449,False,8,3,-0.6425647735595703,0
858,31200375,387,387,False,9,33,-6.830687046051025,0
858,15946643,319,319,False,10,16,-3.8349084854125977,0
858,6650933,414,414,False,11,21,-4.331389427185059,0
858,11578459,389,389,False,12,12,-3.5799319744110107,0
858,29366489,303,303,False,13,24,-4.825297832489014,0
858,16201748,375,375,False,14,15,-3.7948312759399414,0
858,13070316,574,512,True,15,41,-7.631417274475098,0
858,33638477,355,355,False,16,27,-5.4429497718811035,0
858,13048272,352,352,False,17,34,-6.913729667663574,0
858,825728,227,227,False,18,14,-3.664804458618164,0
858,20732789,465,465,False,19,22,-4.643815040588379,0
858,25344732,322,322,False,20,29,-5.797802925109863,0
858,14566771,142,142,False,21,50,-10.951498985290527,0
858,243694,382,382,False,22,26,-5.398282527923584,0
858,2061878,183,183,False,23,30,-5.823486328125,0
858,33030946,467,467,False,24,32,-6.352498531341553,0
858,10574949,406,406,False,25,39,-7.396685600280762,0
858,21902400,448,448,False,26,44,-8.177162170410156,0
858,11992632,340,340,False,27,4,-0.8908994197845459,0
858,25725663,390,390,False,28,19,-4.224725723266602,0
858,19882228,122,122,False,29,49,-10.2347993850708,0
858,27647593,445,445,False,30,38,-7.359497547149658,0
858,21363424,328,328,False,31,5,-1.492384910583496,0
858,24349992,697,512,True,32,17,-3.945406675338745,0
858,5254741,194,194,False,33,43,-7.82600212097168,0
858,4429118,194,194,False,34,35,-6.940910339355469,0
858,38355793,344,344,False,35,13,-3.602738380432129,0
858,25238950,381,381,False,36,18,-4.127768516540527,0
858,21048969,408,408,False,37,40,-7.430962562561035,0
858,1649738,190,190,False,38,36,-7.113622665405273,0
858,26735905,215,215,False,39,20,-4.274995803833008,0
858,2485101,381,381,False,40,45,-8.689393997192383,0
858,9486930,475,475,False,41,28,-5.639678478240967,0
858,663464,381,381,False,42,46,-8.960908889770508,0
858,28206748,235,235,False,43,31,-5.945298194885254,0
858,20333864,187,187,False,44,47,-9.144676208496094,0
858,5323845,434,434,False,45,42,-7.6677422523498535,0
858,17648235,691,512,True,46,23,-4.804013252258301,0
858,21414718,422,422,False,47,25,-5.073768615722656,0
858,14479433,240,240,False,48,37,-7.181751728057861,0
858,9648896,364,364,False,49,9,-2.6342039108276367,0
858,13011249,229,229,False,50,48,-9.390886306762695,0
368,27099731,695,512,True,1,1,6.978968143463135,1
368,14831629,163,163,False,2,3,1.7895660400390625,0
368,25612629,256,256,False,3,6,1.127482533454895,0
368,9967265,971,512,True,4,2,5.2111124992370605,0
368,25691541,293,293,False,5,5,1.477771282196045,0
368,34544514,1321,512,True,6,4,1.5037448406219482,0
368,11880289,661,512,True,7,18,-5.967068672180176,0
368,32084655,334,334,False,8,36,-7.7350568771362305,0
368,19464037,536,512,True,9,16,-5.380607604980469,0
368,2032877,442,442,False,10,30,-7.139316558837891,0
368,40735046,258,258,False,11,25,-6.576346397399902,0
368,26067999,1958,512,True,12,42,-8.31716537475586,0
368,26611094,380,380,False,13,11,-4.833160877227783,0
368,9167230,463,463,False,14,28,-7.050037384033203,0
368,7285256,261,261,False,15,44,-8.896970748901367,0
368,39059143,706,512,True,16,23,-6.413242816925049,0
368,4824840,790,512,True,17,21,-6.293803691864014,0
368,32423829,371,371,False,18,32,-7.2681097984313965,0
368,21495419,214,214,False,19,43,-8.69914722442627,0
368,14021596,391,391,False,20,7,-2.7259409427642822,0
368,24408040,417,417,False,21,19,-5.971267223358154,0
368,21301090,431,431,False,22,33,-7.31536865234375,0
368,20008796,362,362,False,23,46,-9.283029556274414,0
368,12779444,215,215,False,24,22,-6.410881996154785,0
368,3878434,391,391,False,25,29,-7.097282886505127,0
368,22942787,679,512,True,26,24,-6.508963108062744,0
368,13843341,384,384,False,27,35,-7.689937114715576,0
368,21323587,244,244,False,28,38,-8.027606010437012,0
368,33203108,345,345,False,29,40,-8.196956634521484,0
368,20746604,563,512,True,30,14,-5.130485534667969,0
368,12209494,407,407,False,31,41,-8.29986572265625,0
368,10577574,339,339,False,32,45,-9.015226364135742,0
368,27240667,382,382,False,33,17,-5.918901443481445,0
368,42404093,447,447,False,34,47,-9.82978630065918,0
368,36355784,337,337,False,35,9,-4.779444217681885,0
368,19824183,348,348,False,36,37,-7.926452159881592,0
368,13445579,455,455,False,37,20,-6.069705486297607,0
368,34208005,660,512,True,38,39,-8.109865188598633,0
368,27054878,463,463,False,39,13,-4.963527679443359,0
368,3898784,923,512,True,40,12,-4.907223701477051,0
368,5185871,827,512,True,41,15,-5.141940116882324,0
368,3578380,689,512,True,42,48,-9.929424285888672,0
368,24323695,650,512,True,43,26,-6.775274276733398,0
368,38369817,438,438,False,44,31,-7.143758773803711,0
368,2488880,472,472,False,45,27,-6.993191719055176,0
368,12258338,585,512,True,46,49,-10.056995391845703,0
368,26341063,510,510,False,47,10,-4.782538414001465,0
368,38243984,449,449,False,48,8,-4.3747639656066895,0
368,13031967,375,375,False,49,50,-10.441703796386719,0
368,25742130,345,345,False,50,34,-7.437534332275391,0
481,8093935,248,248,False,1,2,0.2517189085483551,0
481,14706752,285,285,False,2,1,0.761183500289917,1
481,25251625,450,450,False,3,13,-3.247485876083374,0
481,24881307,450,450,False,4,25,-5.222625732421875,0
481,4396105,351,351,False,5,16,-3.542759418487549,0
481,10991183,276,276,False,6,17,-3.6281898021698,0
481,14119470,296,296,False,7,3,-0.19281728565692902,0
481,9185195,510,510,False,8,9,-2.932163715362549,0
481,368506,320,320,False,9,4,-0.8449980616569519,0
481,33076846,335,335,False,10,22,-4.972299575805664,0
481,24550453,314,314,False,11,5,-1.370561122894287,0
481,29073751,240,240,False,12,21,-4.664237022399902,0
481,6426919,440,440,False,13,7,-1.9717662334442139,0
481,28195565,340,340,False,14,27,-5.372647285461426,0
481,2543135,277,277,False,15,46,-8.661396026611328,0
481,23393712,140,140,False,16,38,-7.356143474578857,0
481,13614794,266,266,False,17,19,-4.19387674331665,0
481,46765242,235,235,False,18,33,-6.4561052322387695,0
481,10852047,453,453,False,19,6,-1.7692198753356934,0
481,9169645,389,389,False,20,14,-3.2816896438598633,0
481,14461101,340,340,False,21,26,-5.346247673034668,0
481,28107602,233,233,False,22,10,-2.9935953617095947,0
481,21557614,280,280,False,23,49,-9.49479866027832,0
481,34498093,408,408,False,24,32,-6.276645660400391,0
481,20725212,381,381,False,25,47,-9.002726554870605,0
481,5914739,335,335,False,26,24,-5.2057952880859375,0
481,18041692,192,192,False,27,41,-7.675701141357422,0
481,15248287,400,400,False,28,43,-7.9634318351745605,0
481,25842866,504,504,False,29,11,-3.0514800548553467,0
481,15570691,435,435,False,30,20,-4.474924087524414,0
481,207972,503,503,False,31,12,-3.0711522102355957,0
481,14332945,274,274,False,32,45,-8.492464065551758,0
481,18956141,318,318,False,33,31,-6.173463344573975,0
481,19356271,237,237,False,34,42,-7.9377665519714355,0
481,30543439,311,311,False,35,37,-7.265529155731201,0
481,15426878,275,275,False,36,30,-6.140917778015137,0
481,26887439,245,245,False,37,35,-6.651449203491211,0
481,20381484,417,417,False,38,44,-8.389680862426758,0
481,10029970,265,265,False,39,50,-9.78570556640625,0
481,7225911,284,284,False,40,29,-5.9071269035339355,0
481,36345185,508,508,False,41,8,-2.7318172454833984,0
481,13823200,427,427,False,42,34,-6.634945869445801,0
481,13583521,345,345,False,43,36,-7.064196586608887,0
481,16511863,400,400,False,44,28,-5.8882246017456055,0
481,12685434,424,424,False,45,15,-3.486258029937744,0
481,11983390,418,418,False,46,18,-3.8739089965820312,0
481,1127562,306,306,False,47,39,-7.378264904022217,0
481,5956380,300,300,False,48,48,-9.406904220581055,0
481,8305686,343,343,False,49,23,-4.993905067443848,0
481,30261663,342,342,False,50,40,-7.384141445159912,0
1138,24356383,476,476,False,1,19,-2.7713139057159424,0
1138,39776978,263,263,False,2,6,-0.45027288794517517,0
1138,12130067,263,263,False,3,16,-2.5487442016601562,0
1138,3531388,437,437,False,4,2,1.6778252124786377,0
1138,43619625,434,434,False,5,1,2.292158603668213,0
1138,11716783,359,359,False,6,18,-2.68735671043396,0
1138,9301606,358,358,False,7,9,-1.0754491090774536,0
1138,17271462,293,293,False,8,8,-0.9843425154685974,0
1138,32170702,286,286,False,9,10,-1.5552239418029785,0
1138,13509809,281,281,False,10,3,1.3883867263793945,0
1138,10795340,379,379,False,11,29,-4.438611030578613,0
1138,1469751,324,324,False,12,26,-3.45691180229187,0
1138,38899659,350,350,False,13,4,0.50504469871521,0
1138,1701063,511,511,False,14,12,-1.8646219968795776,0
1138,21199527,574,512,True,15,14,-2.173281192779541,0
1138,7568596,281,281,False,16,23,-3.0079751014709473,0
1138,25915873,451,451,False,17,22,-2.8814399242401123,0
1138,58006489,278,278,False,18,17,-2.598008871078491,0
1138,27127885,270,270,False,19,15,-2.53867769241333,0
1138,26501027,319,319,False,20,31,-4.854737281799316,0
1138,16826810,702,512,True,21,35,-5.899432182312012,0
1138,23804187,306,306,False,22,27,-3.9404826164245605,0
1138,21564598,507,507,False,23,7,-0.5491251945495605,0
1138,9412420,271,271,False,24,13,-2.0356249809265137,0
1138,42080024,356,356,False,25,39,-7.8151164054870605,0
1138,38793927,426,426,False,26,34,-5.465760707855225,0
1138,33030946,470,470,False,27,24,-3.3560266494750977,0
1138,4380004,355,355,False,28,21,-2.8680579662323,0
1138,1617327,314,314,False,29,11,-1.7723407745361328,0
1138,8446259,448,448,False,30,30,-4.829826354980469,0
1138,23777820,447,447,False,31,32,-4.950762748718262,0
1138,3118719,358,358,False,32,20,-2.8011136054992676,0
1138,22517564,450,450,False,33,5,-0.3439370393753052,0
1138,7492250,237,237,False,34,37,-6.767157554626465,0
1138,3464191,276,276,False,35,48,-9.681533813476562,0
1138,25419778,576,512,True,36,28,-4.420262336730957,0
1138,6796297,379,379,False,37,41,-8.115205764770508,1
1138,104130,297,297,False,38,45,-9.159602165222168,0
1138,323030,221,221,False,39,25,-3.3566579818725586,0
1138,43711341,304,304,False,40,40,-7.920379638671875,0
1138,18691097,525,512,True,41,44,-8.585988998413086,0
1138,7948486,419,419,False,42,36,-6.312957763671875,0
1138,58050905,359,359,False,43,50,-11.193609237670898,0
1138,12640810,325,325,False,44,42,-8.315261840820312,0
1138,22358449,300,300,False,45,46,-9.208768844604492,0
1138,13162391,167,167,False,46,47,-9.567852020263672,0
1138,25052749,269,269,False,47,49,-11.043737411499023,0
1138,2159648,249,249,False,48,43,-8.371034622192383,0
1138,25022826,403,403,False,49,33,-4.998373031616211,0
1138,20743803,259,259,False,50,38,-7.016733646392822,0
74,13965483,328,328,False,1,3,-1.5348567962646484,0
74,36233757,430,430,False,2,7,-2.5732245445251465,0
74,37768883,469,469,False,3,2,-1.153757095336914,0
74,4387784,441,441,False,4,1,0.02840592712163925,1
74,25657127,408,408,False,5,4,-1.7422572374343872,0
74,26488879,318,318,False,6,21,-5.580803871154785,0
74,2837758,264,264,False,7,9,-3.4958271980285645,0
74,29214508,461,461,False,8,5,-1.7898046970367432,0
74,20330519,347,347,False,9,20,-5.556923866271973,0
74,29367554,430,430,False,10,11,-4.086312770843506,0
74,22703082,259,259,False,11,15,-4.815065383911133,0
74,8654183,592,512,True,12,12,-4.277913570404053,0
74,39550665,445,445,False,13,16,-5.079707622528076,0
74,38805486,540,512,True,14,8,-3.0447330474853516,0
74,7465900,527,512,True,15,10,-4.004467487335205,0
74,14155726,285,285,False,16,6,-1.924527883529663,0
74,37362689,265,265,False,17,18,-5.332497596740723,0
74,2099400,135,135,False,18,23,-6.332032680511475,0
74,44947611,334,334,False,19,31,-7.336220741271973,0
74,22767022,345,345,False,20,41,-8.670137405395508,0
74,24705390,449,449,False,21,13,-4.457517623901367,0
74,3441524,295,295,False,22,29,-7.117005348205566,0
74,22896970,310,310,False,23,25,-6.585742473602295,0
74,41928290,365,365,False,24,30,-7.308472633361816,0
74,13992047,266,266,False,25,46,-9.168817520141602,0
74,12640810,329,329,False,26,35,-7.9031853675842285,0
74,1383826,479,479,False,27,24,-6.4488959312438965,0
74,12149169,249,249,False,28,14,-4.463345527648926,0
74,17553026,319,319,False,29,43,-8.83449935913086,0
74,24311787,485,485,False,30,17,-5.089716911315918,0
74,9272598,330,330,False,31,34,-7.600236415863037,0
74,22561064,335,335,False,32,40,-8.566816329956055,0
74,27900414,369,369,False,33,38,-8.14770793914795,0
74,27731651,255,255,False,34,49,-10.26569652557373,0
74,16270577,224,224,False,35,37,-8.13143253326416,0
74,1744752,226,226,False,36,44,-9.000455856323242,0
74,12691537,299,299,False,37,42,-8.766468048095703,0
74,23342686,279,279,False,38,22,-5.59312629699707,0
74,3981729,237,237,False,39,45,-9.132017135620117,0
74,2052720,350,350,False,40,26,-6.587308406829834,0
74,4406819,356,356,False,41,47,-10.028364181518555,0
74,11419230,285,285,False,42,39,-8.158052444458008,0
74,4346436,194,194,False,43,50,-10.286014556884766,0
74,34498325,471,471,False,44,33,-7.518258571624756,0
74,21598000,313,313,False,45,28,-6.972479820251465,0
74,4425507,543,512,True,46,19,-5.542634010314941,0
74,25838286,493,493,False,47,36,-8.086244583129883,0
74,46816158,230,230,False,48,48,-10.121904373168945,0
74,22036571,374,374,False,49,27,-6.6553521156311035,0
74,4363526,196,196,False,50,32,-7.446631908416748,0
258,29509926,326,326,False,1,9,-0.2998441457748413,0
258,22080671,391,391,False,2,10,-0.40404531359672546,1
258,11557602,443,443,False,3,23,-2.4848990440368652,0
258,25148216,491,491,False,4,2,1.35868501663208,0
258,15879931,276,276,False,5,36,-5.626385688781738,0
258,22889972,631,512,True,6,35,-5.3369245529174805,0
258,46202852,228,228,False,7,30,-4.030404567718506,0
258,5979056,352,352,False,8,3,1.3520886898040771,0
258,364522,472,472,False,9,6,-0.1390783041715622,0
258,30908508,560,512,True,10,1,1.97282874584198,0
258,9814332,514,512,True,11,38,-6.398132801055908,0
258,27093166,559,512,True,12,13,-1.158324956893921,0
258,23286603,497,497,False,13,31,-4.432498931884766,0
258,5612738,348,348,False,14,42,-7.263885021209717,0
258,9159125,418,418,False,15,20,-2.0214600563049316,0
258,4454788,204,204,False,16,46,-8.053466796875,0
258,8150638,465,465,False,17,24,-2.502573013305664,0
258,12705056,241,241,False,18,44,-7.5677080154418945,0
258,9784254,282,282,False,19,39,-6.74643611907959,0
258,9614443,546,512,True,20,12,-0.6502906084060669,0
258,6397191,466,466,False,21,5,0.1078176498413086,0
258,14407673,627,512,True,22,22,-2.431584596633911,0
258,6144969,424,424,False,23,14,-1.2612309455871582,0
258,44801733,169,169,False,24,27,-3.2313194274902344,0
258,343052,468,468,False,25,32,-4.4553680419921875,0
258,21557614,280,280,False,26,45,-7.935997009277344,0
258,7662206,194,194,False,27,50,-9.829622268676758,0
258,27403802,378,378,False,28,26,-3.078080177307129,0
258,45449835,367,367,False,29,11,-0.4622116684913635,0
258,22281684,333,333,False,30,40,-6.930988311767578,0
258,25453683,563,512,True,31,41,-7.030078411102295,0
258,2260571,489,489,False,32,17,-1.8642711639404297,0
258,16488405,302,302,False,33,8,-0.19438612461090088,0
258,8446259,459,459,False,34,7,-0.17110450565814972,0
258,36889513,168,168,False,35,48,-8.49857234954834,0
258,7948486,430,430,False,36,4,0.41343289613723755,0
258,16863359,387,387,False,37,25,-2.8114917278289795,0
258,33118292,346,346,False,38,49,-9.26704216003418,0
258,18489989,367,367,False,39,16,-1.809938907623291,0
258,5752492,304,304,False,40,33,-4.839718818664551,0
258,44724517,243,243,False,41,15,-1.420460820198059,0
258,52865789,401,401,False,42,28,-3.357820749282837,0
258,22674621,392,392,False,43,37,-6.104835033416748,0
258,6853699,202,202,False,44,47,-8.482898712158203,0
258,1022115,406,406,False,45,29,-3.674386501312256,0
258,54482327,309,309,False,46,43,-7.407605171203613,0
258,25315295,358,358,False,47,34,-4.986004829406738,0
258,9588931,359,359,False,48,21,-2.33134388923645,0
258,1630949,269,269,False,49,18,-1.8722538948059082,0
258,9675944,317,317,False,50,19,-1.9337332248687744,0
1050,26000593,523,512,True,1,1,7.04160737991333,0
1050,19878070,725,512,True,2,2,6.002781867980957,1
1050,11246427,686,512,True,3,3,3.311173915863037,0
1050,16812091,425,425,False,4,10,-5.574027061462402,0
1050,17482507,506,506,False,5,7,-4.706786632537842,0
1050,4687948,647,512,True,6,5,-4.467681884765625,0
1050,3613041,749,512,True,7,15,-7.026433944702148,0
1050,7209559,515,512,True,8,6,-4.569864273071289,0
1050,44048701,780,512,True,9,16,-7.120955944061279,0
1050,1711571,516,512,True,10,8,-4.991065979003906,0
1050,11716783,362,362,False,11,26,-9.549821853637695,0
1050,18691097,528,512,True,12,11,-6.166285514831543,0
1050,14103509,282,282,False,13,23,-9.388813018798828,0
1050,19182166,407,407,False,14,20,-8.602904319763184,0
1050,9555784,547,512,True,15,14,-6.837468147277832,0
1050,35008773,315,315,False,16,32,-10.5453519821167,0
1050,31304956,169,169,False,17,37,-10.783485412597656,0
1050,24873253,291,291,False,18,9,-5.222841262817383,0
1050,11475379,184,184,False,19,40,-10.91211986541748,0
1050,19419439,191,191,False,20,19,-8.597039222717285,0
1050,25298276,367,367,False,21,12,-6.255682468414307,0
1050,8037453,479,479,False,22,4,-2.425025463104248,0
1050,5273056,362,362,False,23,36,-10.774826049804688,0
1050,42080024,359,359,False,24,18,-8.427010536193848,0
1050,12486491,259,259,False,25,48,-11.1224365234375,0
1050,4320111,215,215,False,26,46,-11.06460952758789,0
1050,19205326,528,512,True,27,24,-9.420037269592285,0
1050,33792330,269,269,False,28,31,-10.502317428588867,0
1050,33458992,470,470,False,29,28,-10.2761812210083,0
1050,275294,407,407,False,30,13,-6.356732368469238,0
1050,2159648,252,252,False,31,38,-10.822832107543945,0
1050,6796297,382,382,False,32,30,-10.499507904052734,0
1050,19529370,436,436,False,33,17,-8.402983665466309,0
1050,4462079,360,360,False,34,25,-9.497756958007812,0
1050,24157077,191,191,False,35,39,-10.908631324768066,0
1050,12236208,395,395,False,36,29,-10.406275749206543,0
1050,11922370,350,350,False,37,43,-10.97951889038086,0
1050,35621259,478,478,False,38,22,-9.279693603515625,0
1050,2147704,224,224,False,39,47,-11.112287521362305,0
1050,33030946,473,473,False,40,34,-10.733625411987305,0
1050,32170702,289,289,False,41,45,-11.054826736450195,0
1050,456304,412,412,False,42,27,-10.20762825012207,0
1050,18473550,485,485,False,43,21,-8.917707443237305,0
1050,8771704,300,300,False,44,33,-10.714082717895508,0
1050,13578199,349,349,False,45,35,-10.762746810913086,0
1050,9539248,345,345,False,46,44,-11.026235580444336,0
1050,24916604,361,361,False,47,42,-10.944934844970703,0
1050,4421547,358,358,False,48,41,-10.913586616516113,0
1050,198133135,441,441,False,49,50,-11.16733169555664,0
1050,28390999,315,315,False,50,49,-11.154959678649902,0
1166,8411251,168,168,False,1,12,-3.130673885345459,0
1166,13907427,304,304,False,2,9,-2.9821128845214844,0
1166,9889151,310,310,False,3,2,-0.187081441283226,1
1166,17518195,365,365,False,4,4,-2.0889410972595215,0
1166,29877890,217,217,False,5,27,-6.461121559143066,0
1166,20781656,297,297,False,6,18,-4.1371870040893555,0
1166,20630805,288,288,False,7,26,-6.2514190673828125,0
1166,18038955,269,269,False,8,21,-4.672708511352539,0
1166,11844791,340,340,False,9,7,-2.5877509117126465,0
1166,406733,254,254,False,10,3,-1.8856747150421143,0
1166,16626264,316,316,False,11,6,-2.199605703353882,0
1166,9451052,384,384,False,12,1,0.7236072421073914,0
1166,12588500,291,291,False,13,24,-6.21232795715332,0
1166,5966635,307,307,False,14,14,-3.2826929092407227,0
1166,24311787,490,490,False,15,8,-2.8639743328094482,0
1166,27274441,277,277,False,16,19,-4.241004943847656,0
1166,9881829,240,240,False,17,11,-3.1287407875061035,0
1166,25254425,379,379,False,18,17,-3.6770410537719727,0
1166,175735,363,363,False,19,23,-5.491425037384033,0
1166,22522432,255,255,False,20,5,-2.1080522537231445,0
1166,8267678,184,184,False,21,49,-10.325714111328125,0
1166,502591,438,438,False,22,22,-4.731432914733887,0
1166,13790144,162,162,False,23,47,-9.93435287475586,0
1166,5760247,221,221,False,24,29,-6.740871429443359,0
1166,32638085,176,176,False,25,42,-9.345410346984863,0
1166,8548635,310,310,False,26,25,-6.234125137329102,0
1166,2817000,292,292,False,27,15,-3.288297176361084,0
1166,15778034,353,353,False,28,10,-3.032304525375366,0
1166,14637235,320,320,False,29,38,-8.082391738891602,0
1166,1084345,296,296,False,30,32,-7.24022912979126,0
1166,11532659,303,303,False,31,33,-7.42924165725708,0
1166,12156187,268,268,False,32,16,-3.435037612915039,0
1166,36831892,201,201,False,33,41,-8.842419624328613,0
1166,12086599,323,323,False,34,30,-6.871078014373779,0
1166,8331432,299,299,False,35,40,-8.793365478515625,0
1166,9732010,414,414,False,36,37,-7.9618024826049805,0
1166,18694784,325,325,False,37,13,-3.148367166519165,0
1166,22948960,265,265,False,38,35,-7.763237476348877,0
1166,13639330,260,260,False,39,43,-9.349737167358398,0
1166,7137057,489,489,False,40,28,-6.570513725280762,0
1166,17919731,176,176,False,41,50,-10.348701477050781,0
1166,42009630,288,288,False,42,39,-8.40221118927002,0
1166,3230361,410,410,False,43,34,-7.453068256378174,0
1166,26495128,366,366,False,44,31,-7.063957691192627,0
1166,46248894,229,229,False,45,36,-7.796311378479004,0
1166,22543403,190,190,False,46,46,-9.794096946716309,0
1166,29788648,371,371,False,47,20,-4.326873779296875,0
1166,2541699,452,452,False,48,45,-9.75155258178711,0
1166,14155726,290,290,False,49,48,-10.210393905639648,0
1166,13906892,226,226,False,50,44,-9.377902030944824,0
361,38587347,339,339,False,1,1,3.484867811203003,1
361,15488881,247,247,False,2,2,1.3478299379348755,0
361,10354110,215,215,False,3,4,-1.5017216205596924,0
361,5003144,276,276,False,4,3,-0.5805639028549194,0
361,35256900,245,245,False,5,7,-2.780351400375366,0
361,34615397,316,316,False,6,16,-4.821954250335693,0
361,8629328,186,186,False,7,15,-4.336669921875,0
361,37182501,285,285,False,8,9,-3.0078811645507812,0
361,9705208,250,250,False,9,6,-2.2444984912872314,0
361,24879055,306,306,False,10,10,-3.2975449562072754,0
361,15058155,385,385,False,11,8,-2.952930450439453,0
361,25353658,511,511,False,12,24,-6.117323875427246,0
361,26297042,196,196,False,13,38,-7.817154884338379,0
361,22874817,312,312,False,14,26,-6.21992301940918,0
361,32101982,303,303,False,15,39,-7.818289756774902,0
361,23305884,483,483,False,16,5,-1.9860774278640747,0
361,643765,439,439,False,17,42,-8.237972259521484,0
361,14644164,372,372,False,18,14,-4.332129955291748,0
361,28598374,426,426,False,19,45,-8.897928237915039,0
361,5398179,620,512,True,20,18,-5.106529235839844,0
361,38899659,368,368,False,21,20,-5.6954545974731445,0
361,15727984,416,416,False,22,40,-8.105375289916992,0
361,27907205,274,274,False,23,47,-9.470572471618652,0
361,12058271,440,440,False,24,28,-6.716408729553223,0
361,38528892,131,131,False,25,36,-7.517406940460205,0
361,20261352,357,357,False,26,21,-5.709699630737305,0
361,9831859,462,462,False,27,13,-3.88798451423645,0
361,34254203,260,260,False,28,44,-8.46300983428955,0
361,17017465,281,281,False,29,23,-5.835982799530029,0
361,12324049,273,273,False,30,34,-7.101772308349609,0
361,21012916,280,280,False,31,17,-4.989030838012695,0
361,22682497,344,344,False,32,37,-7.763650894165039,0
361,34439544,873,512,True,33,25,-6.173238277435303,0
361,7666498,351,351,False,34,27,-6.606598854064941,0
361,8883846,714,512,True,35,41,-8.120320320129395,0
361,22973574,255,255,False,36,50,-10.04300308227539,0
361,7370282,355,355,False,37,19,-5.677722454071045,0
361,5085118,384,384,False,38,12,-3.817180633544922,0
361,3935126,570,512,True,39,22,-5.770026206970215,0
361,13439128,217,217,False,40,49,-9.744935035705566,0
361,4388082,437,437,False,41,43,-8.33765983581543,0
361,40094786,206,206,False,42,46,-8.960075378417969,0
361,7736860,451,451,False,43,31,-6.924056053161621,0
361,4323425,370,370,False,44,29,-6.805115699768066,0
361,22948960,274,274,False,45,48,-9.661325454711914,0
361,1471041,395,395,False,46,11,-3.5354747772216797,0
361,11902109,372,372,False,47,32,-7.0236029624938965,0
361,11557602,450,450,False,48,30,-6.908300876617432,0
361,16853734,434,434,False,49,33,-7.037253379821777,0
361,16550075,276,276,False,50,35,-7.2811408042907715,0
900,37362689,267,267,False,1,2,2.2913808822631836,0
900,19957813,269,269,False,2,1,3.727705478668213,0
900,19922508,233,233,False,3,24,-3.7990550994873047,0
900,14496749,293,293,False,4,3,0.4733094274997711,0
900,26019505,443,443,False,5,16,-3.2074122428894043,0
900,33912020,319,319,False,6,33,-5.09909725189209,0
900,24185667,309,309,False,7,20,-3.54622220993042,0
900,9588931,354,354,False,8,31,-4.770993709564209,0
900,7875158,385,385,False,9,14,-2.830984115600586,0
900,7005276,406,406,False,10,41,-5.599387168884277,0
900,4795303,393,393,False,11,5,-0.4548457860946655,0
900,35828148,317,317,False,12,50,-7.769008636474609,0
900,18810195,363,363,False,13,9,-1.4486627578735352,0
900,6923795,598,512,True,14,35,-5.172908782958984,0
900,1605196,234,234,False,15,10,-1.4869587421417236,0
900,23974474,535,512,True,16,26,-4.064084053039551,0
900,22185730,440,440,False,17,32,-4.90092134475708,0
900,10482574,267,267,False,18,49,-7.323010444641113,0
900,1686997,335,335,False,19,11,-1.7541108131408691,0
900,35962023,347,347,False,20,47,-6.9536027908325195,0
900,2030623,406,406,False,21,43,-6.5505475997924805,0
900,4423401,356,356,False,22,8,-1.4389424324035645,0
900,28937856,261,261,False,23,46,-6.884000778198242,0
900,4324278,332,332,False,24,21,-3.6010260581970215,0
900,2831620,309,309,False,25,39,-5.567080020904541,0
900,5785219,310,310,False,26,37,-5.441171169281006,0
900,3468459,148,148,False,27,27,-4.301752090454102,0
900,32922179,225,225,False,28,17,-3.3180530071258545,0
900,26658659,423,423,False,29,40,-5.596258163452148,0
900,25488034,505,505,False,30,13,-2.3667383193969727,0
900,23100962,389,389,False,31,45,-6.865392208099365,0
900,83308790,269,269,False,32,29,-4.393501281738281,0
900,195689757,275,275,False,33,6,-0.9541785717010498,0
900,3973445,405,405,False,34,4,-0.05461200326681137,0
900,23887844,270,270,False,35,34,-5.117566108703613,0
900,13380011,398,398,False,36,12,-2.3267176151275635,0
900,3831884,461,461,False,37,15,-3.1254806518554688,0
900,15381976,593,512,True,38,44,-6.628654479980469,0
900,28651643,372,372,False,39,42,-6.174196720123291,0
900,4306711,286,286,False,40,7,-1.3038301467895508,0
900,23576165,269,269,False,41,23,-3.7523961067199707,0
900,20672596,564,512,True,42,18,-3.4047229290008545,0
900,6121555,412,412,False,43,28,-4.3744001388549805,0
900,36025357,233,233,False,44,36,-5.427689075469971,0
900,8724666,290,290,False,45,19,-3.48020601272583,0
900,8477699,289,289,False,46,25,-3.9424021244049072,0
900,29422484,491,491,False,47,22,-3.688511371612549,0
900,52873726,372,372,False,48,38,-5.458993434906006,0
900,27093166,554,512,True,49,48,-7.026216506958008,0
900,17755060,260,260,False,50,30,-4.522764682769775,0
815,8148304,371,371,False,1,1,5.700976371765137,1
815,23604601,304,304,False,2,2,-0.003585532307624817,0
815,12652963,232,232,False,3,14,-3.5869641304016113,0
815,4993011,302,302,False,4,16,-4.325392723083496,0
815,19255949,301,301,False,5,12,-3.3212761878967285,0
815,4411760,411,411,False,6,32,-7.512287616729736,0
815,1006165,374,374,False,7,36,-8.436988830566406,0
815,9091863,287,287,False,8,42,-9.08592414855957,0
815,43602749,220,220,False,9,29,-6.596116065979004,0
815,1354567,314,314,False,10,34,-7.959690093994141,0
815,7029990,284,284,False,11,4,-1.6340672969818115,0
815,236204,356,356,False,12,37,-8.551816940307617,0
815,23913146,412,412,False,13,40,-8.707832336425781,0
815,13072112,261,261,False,14,18,-4.381468772888184,0
815,2061878,182,182,False,15,10,-3.09121036529541,0
815,22362025,444,444,False,16,30,-6.640270233154297,0
815,950306,256,256,False,17,49,-10.423486709594727,0
815,6820680,316,316,False,18,48,-9.970526695251465,0
815,4378885,296,296,False,19,47,-9.347332954406738,0
815,12871002,285,285,False,20,27,-5.636682510375977,0
815,435529,402,402,False,21,7,-2.377183675765991,0
815,33370,476,476,False,22,5,-2.160229206085205,0
815,16058322,488,488,False,23,6,-2.3001575469970703,0
815,3052642,182,182,False,24,50,-10.679513931274414,0
815,711256,381,381,False,25,19,-4.623593330383301,0
815,2319305,358,358,False,26,11,-3.253629207611084,0
815,11784947,340,340,False,27,24,-5.247307300567627,0
815,24705390,441,441,False,28,8,-2.6817679405212402,0
815,45143088,350,350,False,29,15,-4.069293022155762,0
815,5953485,266,266,False,30,20,-4.669498443603516,0
815,25014337,369,369,False,31,3,-0.4593343138694763,0
815,6812319,296,296,False,32,31,-7.348781108856201,0
815,3572885,405,405,False,33,17,-4.379840850830078,0
815,30261663,327,327,False,34,44,-9.189014434814453,0
815,26495128,353,353,False,35,22,-5.169319152832031,0
815,18639989,430,430,False,36,35,-8.093624114990234,0
815,19822046,354,354,False,37,25,-5.441045761108398,0
815,31148090,207,207,False,38,43,-9.098373413085938,0
815,13931771,237,237,False,39,21,-4.816099166870117,0
815,7317051,390,390,False,40,39,-8.674184799194336,0
815,40412980,357,357,False,41,45,-9.221826553344727,0
815,15248287,385,385,False,42,26,-5.499755382537842,0
815,9539753,376,376,False,43,41,-8.972341537475586,0
815,9539248,338,338,False,44,46,-9.333330154418945,0
815,857189,335,335,False,45,28,-6.463021755218506,0
815,6426919,425,425,False,46,9,-2.917387008666992,0
815,4407318,303,303,False,47,38,-8.617622375488281,0
815,37065914,456,456,False,48,33,-7.893006324768066,0
815,42065070,528,512,True,49,13,-3.3275909423828125,0
815,641786,281,281,False,50,23,-5.237655162811279,0
365,600437,325,325,False,1,1,1.4584448337554932,1
365,4429388,369,369,False,2,18,-5.694969654083252,0
365,25623469,380,380,False,3,16,-5.622047424316406,0
365,11250124,267,267,False,4,24,-6.678735733032227,0
365,9680193,407,407,False,5,17,-5.667392730712891,0
365,1991105,293,293,False,6,32,-7.410126686096191,0
365,6492658,260,260,False,7,27,-6.722552299499512,0
365,8533245,271,271,False,8,7,-4.614634990692139,0
365,26019505,453,453,False,9,5,-4.153046607971191,0
365,20904154,294,294,False,10,8,-4.683765411376953,0
365,19561411,410,410,False,11,2,-2.831514358520508,0
365,9304312,323,323,False,12,35,-7.857527732849121,0
365,17017465,279,279,False,13,12,-5.114233016967773,0
365,2988714,260,260,False,14,45,-9.664595603942871,0
365,4324278,342,342,False,15,11,-4.905394554138184,0
365,24555417,357,357,False,16,46,-9.732154846191406,0
365,6333347,486,486,False,17,22,-6.316139221191406,0
365,4701662,330,330,False,18,15,-5.609336853027344,0
365,10279084,438,438,False,19,4,-3.720202922821045,0
365,2947540,244,244,False,20,30,-7.13936710357666,0
365,22036571,386,386,False,21,29,-6.874580383300781,0
365,7482674,326,326,False,22,13,-5.508453845977783,0
365,14328288,537,512,True,23,3,-3.1149282455444336,0
365,4388082,435,435,False,24,41,-8.97355842590332,0
365,11674596,324,324,False,25,37,-7.944100379943848,0
365,11289247,327,327,False,26,9,-4.796170234680176,0
365,7643848,202,202,False,27,19,-5.718955039978027,0
365,10212612,252,252,False,28,50,-10.581533432006836,0
365,33063763,423,423,False,29,31,-7.1988372802734375,0
365,16557565,253,253,False,30,43,-9.126325607299805,0
365,16280642,354,354,False,31,33,-7.434113502502441,0
365,1684489,384,384,False,32,40,-8.80846881866455,0
365,12871002,305,305,False,33,39,-8.639059066772461,0
365,18078750,262,262,False,34,48,-9.925247192382812,0
365,20381484,422,422,False,35,26,-6.707039833068848,0
365,19708993,410,410,False,36,38,-8.602848052978516,0
365,18264714,322,322,False,37,34,-7.703123569488525,0
365,86231298,395,395,False,38,14,-5.531606197357178,0
365,2593298,458,458,False,39,20,-5.7771453857421875,0
365,1744752,238,238,False,40,42,-9.058923721313477,0
365,14119470,301,301,False,41,21,-6.191408634185791,0
365,8246090,409,409,False,42,36,-7.861153602600098,0
365,12871281,242,242,False,43,25,-6.68756103515625,0
365,14205246,356,356,False,44,44,-9.347268104553223,0
365,1676568,315,315,False,45,10,-4.83798360824585,0
365,21250322,370,370,False,46,28,-6.87305212020874,0
365,16686383,425,425,False,47,23,-6.457342147827148,0
365,12800122,336,336,False,48,47,-9.897647857666016,0
365,37964706,489,489,False,49,6,-4.528864860534668,0
365,17438862,332,332,False,50,49,-10.180323600769043,0
1406,2617858,497,497,False,1,1,4.732924938201904,1
1406,4361990,318,318,False,2,6,-7.236683368682861,0
1406,11419230,280,280,False,3,7,-7.641575813293457,0
1406,6308416,340,340,False,4,28,-10.06619644165039,0
1406,34735369,210,210,False,5,9,-7.739896774291992,0
1406,13963620,310,310,False,6,3,-5.210470199584961,0
1406,32194449,289,289,False,7,21,-9.459746360778809,0
1406,3441524,290,290,False,8,20,-9.317090034484863,0
1406,18126445,337,337,False,9,5,-6.7596893310546875,0
1406,14362678,290,290,False,10,2,-0.8479975461959839,0
1406,24989194,332,332,False,11,32,-10.188671112060547,0
1406,350542,512,512,False,12,4,-6.132015228271484,0
1406,1744752,221,221,False,13,10,-7.743891716003418,0
1406,4340509,207,207,False,14,36,-10.42065715789795,0
1406,4857085,366,366,False,15,50,-11.27609634399414,0
1406,37643601,218,218,False,16,39,-10.563509941101074,0
1406,10577574,336,336,False,17,48,-11.18768310546875,0
1406,4422723,404,404,False,18,38,-10.555621147155762,0
1406,751192,381,381,False,19,23,-9.784967422485352,0
1406,28071965,249,249,False,20,33,-10.1904935836792,0
1406,4465762,248,248,False,21,12,-8.262161254882812,0
1406,29863668,396,396,False,22,29,-10.070025444030762,0
1406,13283919,311,311,False,23,17,-9.056982040405273,0
1406,927561,280,280,False,24,46,-11.034961700439453,0
1406,17685207,623,512,True,25,13,-8.509210586547852,0
1406,30471052,280,280,False,26,16,-8.80982780456543,0
1406,22190276,214,214,False,27,40,-10.667962074279785,0
1406,16128711,380,380,False,28,8,-7.6439690589904785,0
1406,2291922,314,314,False,29,37,-10.517623901367188,0
1406,43224840,384,384,False,30,31,-10.188409805297852,0
1406,2211868,308,308,False,31,18,-9.120144844055176,0
1406,57783564,451,451,False,32,14,-8.62788200378418,0
1406,19485649,399,399,False,33,19,-9.290203094482422,0
1406,26104554,226,226,False,34,45,-11.011068344116211,0
1406,10482574,260,260,False,35,35,-10.293044090270996,0
1406,13992047,261,261,False,36,34,-10.247743606567383,0
1406,20943272,399,399,False,37,27,-10.064750671386719,0
1406,37450671,315,315,False,38,43,-10.775651931762695,0
1406,35993767,384,384,False,39,24,-9.871966361999512,0
1406,23804187,305,305,False,40,15,-8.809514045715332,0
1406,2260571,477,477,False,41,30,-10.16224193572998,0
1406,36180468,381,381,False,42,11,-7.944948673248291,0
1406,32587939,298,298,False,43,25,-9.898628234863281,0
1406,3591070,159,159,False,44,44,-10.968395233154297,0
1406,17997584,263,263,False,45,22,-9.704941749572754,0
1406,7681810,284,284,False,46,26,-9.980161666870117,0
1406,34876410,287,287,False,47,41,-10.713102340698242,0
1406,27768226,1379,512,True,48,47,-11.046125411987305,0
1406,14831629,160,160,False,49,49,-11.222822189331055,0
1406,35079452,236,236,False,50,42,-10.770142555236816,0
1263,46816158,252,252,False,1,2,5.103425979614258,0
1263,3981729,259,259,False,2,1,6.123580455780029,1
1263,3893473,243,243,False,3,3,1.5062168836593628,0
1263,19099739,236,236,False,4,4,-0.056750472635030746,0
1263,29107180,333,333,False,5,42,-9.392229080200195,0
1263,5116145,263,263,False,6,22,-8.137809753417969,0
1263,4465762,275,275,False,7,29,-8.650169372558594,0
1263,25799020,359,359,False,8,35,-9.004006385803223,0
1263,23985464,492,492,False,9,13,-6.906854629516602,0
1263,40447899,475,475,False,10,23,-8.328954696655273,0
1263,42314147,401,401,False,11,7,-5.518399715423584,0
1263,4393153,361,361,False,12,37,-9.080111503601074,0
1263,23698769,264,264,False,13,45,-9.639087677001953,0
1263,11048759,260,260,False,14,34,-8.985055923461914,0
1263,36904081,388,388,False,15,46,-9.801894187927246,0
1263,23938319,538,512,True,16,6,-4.697471618652344,0
1263,18276599,295,295,False,17,25,-8.559149742126465,0
1263,25901598,302,302,False,18,12,-6.722790241241455,0
1263,3446400,245,245,False,19,28,-8.641729354858398,0
1263,21622715,549,512,True,20,9,-5.7571024894714355,0
1263,4926049,364,364,False,21,26,-8.566938400268555,0
1263,18576103,307,307,False,22,32,-8.684694290161133,0
1263,25821556,202,202,False,23,15,-7.432855606079102,0
1263,7912,306,306,False,24,49,-10.210943222045898,0
1263,33986507,176,176,False,25,21,-8.062095642089844,0
1263,1546650,386,386,False,26,40,-9.284928321838379,0
1263,1259280,301,301,False,27,36,-9.00916862487793,0
1263,4583180,304,304,False,28,44,-9.500609397888184,0
1263,17553026,341,341,False,29,38,-9.125667572021484,0
1263,885056,341,341,False,30,10,-6.103974342346191,0
1263,21754541,467,467,False,31,20,-7.91459321975708,0
1263,23895668,267,267,False,32,43,-9.4925537109375,0
1263,18447487,389,389,False,33,11,-6.3036699295043945,0
1263,17240457,276,276,False,34,41,-9.362829208374023,0
1263,778436,227,227,False,35,5,-4.0968427658081055,0
1263,2601135,568,512,True,36,33,-8.790678024291992,0
1263,25830701,570,512,True,37,24,-8.386470794677734,0
1263,4231060,256,256,False,38,50,-10.370855331420898,0
1263,2851611,389,389,False,39,14,-7.26408576965332,0
1263,11420613,419,419,False,40,18,-7.620227813720703,0
1263,14797520,304,304,False,41,39,-9.198644638061523,0
1263,29788648,388,388,False,42,19,-7.729719161987305,0
1263,14275671,350,350,False,43,48,-10.132894515991211,0
1263,28243325,352,352,False,44,8,-5.529932022094727,0
1263,22871664,284,284,False,45,31,-8.663516998291016,0
1263,24550453,329,329,False,46,27,-8.621521949768066,0
1263,19851614,505,505,False,47,16,-7.4331231117248535,0
1263,236204,386,386,False,48,47,-9.824756622314453,0
1263,13912224,274,274,False,49,30,-8.657564163208008,0
1263,10443642,358,358,False,50,17,-7.464241027832031,0
776,11569583,289,289,False,1,2,0.4321807026863098,0
776,27635177,334,334,False,2,5,-1.5059367418289185,0
776,12552297,283,283,False,3,4,-1.355018138885498,0
776,31293581,319,319,False,4,9,-2.878720760345459,0
776,43014661,372,372,False,5,1,2.8532586097717285,0
776,3173489,370,370,False,6,7,-2.15330171585083,0
776,9291596,364,364,False,7,41,-8.249517440795898,0
776,13025574,326,326,False,8,48,-10.142070770263672,0
776,16630060,265,265,False,9,20,-4.658588409423828,0
776,43880096,324,324,False,10,28,-6.653095722198486,0
776,2701077,287,287,False,11,39,-7.875419616699219,0
776,44172171,253,253,False,12,44,-8.934478759765625,0
776,28441310,297,297,False,13,32,-7.045461654663086,0
776,7986878,485,485,False,14,26,-5.876666069030762,0
776,10015292,330,330,False,15,36,-7.654186248779297,0
776,5273056,378,378,False,16,35,-7.642864227294922,0
776,6536598,313,313,False,17,22,-5.0030293464660645,0
776,23599024,391,391,False,18,27,-6.595599174499512,0
776,5572127,434,434,False,19,3,-0.9967074990272522,0
776,19356271,245,245,False,20,15,-3.347472906112671,0
776,18987782,475,475,False,21,10,-2.989529848098755,0
776,32275758,324,324,False,22,8,-2.453204870223999,1
776,7151961,257,257,False,23,40,-8.141166687011719,0
776,4468861,446,446,False,24,34,-7.256490707397461,0
776,17368516,279,279,False,25,16,-3.53664493560791,0
776,37641175,313,313,False,26,42,-8.698783874511719,0
776,15678772,316,316,False,27,47,-10.084485054016113,0
776,14700857,391,391,False,28,49,-10.475590705871582,0
776,6504953,264,264,False,29,50,-10.667369842529297,0
776,35684881,491,491,False,30,18,-3.9055917263031006,0
776,40349336,303,303,False,31,19,-4.160976886749268,0
776,21878751,394,394,False,32,14,-3.240957021713257,0
776,41314611,190,190,False,33,31,-7.011885643005371,0
776,4993011,325,325,False,34,13,-3.104658842086792,0
776,23698769,257,257,False,35,12,-3.02229642868042,0
776,17553026,334,334,False,36,11,-3.010127067565918,0
776,40901687,367,367,False,37,25,-5.577787399291992,0
776,37912677,330,330,False,38,46,-9.761035919189453,0
776,2481032,441,441,False,39,17,-3.60662841796875,0
776,2679511,399,399,False,40,24,-5.374995231628418,0
776,21855837,229,229,False,41,29,-6.71205997467041,0
776,29851836,246,246,False,42,45,-8.991976737976074,0
776,25238950,403,403,False,43,33,-7.1088175773620605,0
776,28904104,251,251,False,44,30,-6.966915607452393,0
776,15305881,280,280,False,45,43,-8.818502426147461,0
776,19951373,321,321,False,46,38,-7.850988388061523,0
776,13106686,322,322,False,47,21,-4.7794599533081055,0
776,12909503,408,408,False,48,37,-7.761199951171875,0
776,38252314,317,317,False,49,23,-5.334356307983398,0
776,24356383,495,495,False,50,6,-1.5809181928634644,0
780,8246922,403,403,False,1,2,6.466261863708496,1
780,24338780,339,339,False,2,1,6.501471519470215,1
780,40632104,329,329,False,3,3,4.582383155822754,0
780,39084565,463,463,False,4,5,3.3410868644714355,0
780,6270720,401,401,False,5,8,2.599398612976074,0
780,854417,342,342,False,6,6,3.2279014587402344,0
780,22647695,194,194,False,7,32,-3.1902196407318115,0
780,10559501,443,443,False,8,9,2.5898914337158203,0
780,34378726,142,142,False,9,34,-3.3308136463165283,0
780,1386103,263,263,False,10,4,3.440603256225586,0
780,7155555,431,431,False,11,11,0.8786147236824036,0
780,7115651,367,367,False,12,7,2.9252634048461914,0
780,1855679,436,436,False,13,10,1.7159167528152466,0
780,2947124,228,228,False,14,24,-1.918745756149292,0
780,14644164,363,363,False,15,25,-1.9932560920715332,0
780,15405204,291,291,False,16,27,-2.1121983528137207,0
780,1834762,276,276,False,17,33,-3.2795345783233643,0
780,35149431,485,485,False,18,12,0.6015922427177429,0
780,32454714,368,368,False,19,14,0.3951306641101837,0
780,5500086,302,302,False,20,17,-1.401472568511963,0
780,26105746,186,186,False,21,44,-6.597077369689941,0
780,1049501,329,329,False,22,23,-1.8612356185913086,0
780,51952430,352,352,False,23,42,-6.211576461791992,0
780,5811042,355,355,False,24,22,-1.7976672649383545,0
780,52095986,394,394,False,25,13,0.439976304769516,0
780,13923140,250,250,False,26,19,-1.6500564813613892,0
780,19005293,242,242,False,27,48,-7.74782133102417,0
780,16572581,340,340,False,28,39,-4.5430498123168945,0
780,29347970,271,271,False,29,41,-4.9448747634887695,0
780,5800138,400,400,False,30,26,-2.101616382598877,0
780,9433958,293,293,False,31,47,-7.450789928436279,0
780,17934603,372,372,False,32,30,-2.738114595413208,0
780,28392393,330,330,False,33,18,-1.486842155456543,0
780,883747,310,310,False,34,45,-6.669528007507324,0
780,21185923,263,263,False,35,38,-4.230252265930176,0
780,5922085,273,273,False,36,50,-8.7918701171875,0
780,40096222,363,363,False,37,28,-2.1386051177978516,0
780,23573229,443,443,False,38,15,-0.3931567668914795,0
780,7433668,379,379,False,39,31,-3.0367021560668945,0
780,19130782,334,334,False,40,36,-3.423161506652832,0
780,17671145,346,346,False,41,29,-2.1783790588378906,0
780,15707049,266,266,False,42,35,-3.4119207859039307,0
780,14386505,399,399,False,43,20,-1.659497618675232,0
780,5476778,413,413,False,44,43,-6.297146320343018,0
780,23912923,364,364,False,45,16,-1.3053972721099854,0
780,46135768,242,242,False,46,49,-8.24191665649414,0
780,35764259,233,233,False,47,46,-6.672621726989746,0
780,26731863,239,239,False,48,21,-1.7757220268249512,0
780,28015516,370,370,False,49,37,-3.933300018310547,0
780,13106686,312,312,False,50,40,-4.67155647277832,0
309,7821634,352,352,False,1,6,0.12672783434391022,1
309,238409,348,348,False,2,5,0.40836191177368164,0
309,5254463,276,276,False,3,7,0.053110282868146896,0
309,23403754,294,294,False,4,14,-0.747276782989502,0
309,20738970,515,512,True,5,12,-0.6819318532943726,0
309,33667484,269,269,False,6,40,-5.018470764160156,0
309,40127292,288,288,False,7,38,-4.654393196105957,0
309,9169645,370,370,False,8,24,-2.1159276962280273,0
309,40323148,202,202,False,9,37,-4.403901100158691,0
309,30580263,484,484,False,10,25,-2.2534050941467285,0
309,1797622,288,288,False,11,36,-4.3140387535095215,0
309,26887439,226,226,False,12,26,-2.2858121395111084,0
309,28697248,238,238,False,13,28,-2.699775457382202,0
309,3981033,359,359,False,14,18,-1.0282243490219116,0
309,935034,286,286,False,15,42,-5.81602668762207,0
309,21179714,169,169,False,16,13,-0.7119307518005371,0
309,15248287,381,381,False,17,21,-1.6743388175964355,0
309,19079491,132,132,False,18,39,-4.779924392700195,0
309,7869794,329,329,False,19,43,-6.1226019859313965,0
309,32101982,277,277,False,20,22,-2.0169479846954346,0
309,24624992,411,411,False,21,11,-0.5653272271156311,0
309,23052989,267,267,False,22,9,-0.2579955458641052,0
309,9612317,367,367,False,23,27,-2.5972111225128174,0
309,31624828,232,232,False,24,30,-3.271898031234741,0
309,24190159,380,380,False,25,19,-1.276205062866211,0
309,6000423,376,376,False,26,31,-3.3424344062805176,0
309,41646286,182,182,False,27,8,-0.25327450037002563,0
309,13583521,326,326,False,28,15,-0.8748871684074402,0
309,40608679,235,235,False,29,34,-3.6421096324920654,0
309,37444589,249,249,False,30,2,0.8484190702438354,0
309,25251625,431,431,False,31,35,-3.790086269378662,0
309,30543439,292,292,False,32,47,-8.345718383789062,0
309,23887844,256,256,False,33,3,0.6416432857513428,0
309,34439544,847,512,True,34,33,-3.598745584487915,0
309,25510546,489,489,False,35,1,1.234329104423523,0
309,10015292,303,303,False,36,32,-3.385176181793213,0
309,10852047,434,434,False,37,20,-1.4085946083068848,0
309,7465900,515,512,True,38,4,0.5106317400932312,0
309,6492658,236,236,False,39,46,-8.023202896118164,0
309,22890091,388,388,False,40,29,-3.0656991004943848,0
309,17967608,322,322,False,41,41,-5.289999485015869,0
309,10218447,564,512,True,42,16,-0.9141321778297424,0
309,6121555,398,398,False,43,23,-2.031825065612793,0
309,1127562,287,287,False,44,45,-6.760225296020508,0
309,24042363,447,447,False,45,50,-8.88560676574707,0
309,9301606,350,350,False,46,44,-6.653198719024658,0
309,26019505,429,429,False,47,49,-8.533975601196289,0
309,42106119,232,232,False,48,48,-8.469200134277344,0
309,10576136,457,457,False,49,10,-0.4065801799297333,0
309,17231273,488,488,False,50,17,-1.0265284776687622,0
622,22843838,159,159,False,1,6,0.42021334171295166,0
622,4462079,357,357,False,2,2,3.044985771179199,0
622,25599283,438,438,False,3,1,4.396395206451416,0
622,36960449,503,503,False,4,18,-2.5948922634124756,0
622,23267371,346,346,False,5,11,-0.854099690914154,0
622,21553394,403,403,False,6,27,-3.202482223510742,0
622,12074066,336,336,False,7,4,0.7706698179244995,0
622,16256507,477,477,False,8,23,-3.0457489490509033,0
622,30720103,345,345,False,9,32,-3.8842110633850098,0
622,3150030,505,505,False,10,16,-2.3450419902801514,0
622,9555784,544,512,True,11,3,2.425046443939209,0
622,3034412,468,468,False,12,13,-1.2679696083068848,0
622,17000834,297,297,False,13,9,-0.47677189111709595,1
622,520579,486,486,False,14,7,0.34298399090766907,0
622,38551172,442,442,False,15,8,-0.15215009450912476,0
622,8856690,481,481,False,16,36,-5.132386684417725,0
622,18557974,425,425,False,17,5,0.7328830361366272,0
622,13312471,578,512,True,18,25,-3.1858298778533936,0
622,22023404,605,512,True,19,24,-3.162205219268799,0
622,2425364,449,449,False,20,12,-0.8703469038009644,0
622,12810152,600,512,True,21,10,-0.8018234372138977,0
622,3222187,429,429,False,22,41,-5.598672389984131,0
622,43226130,396,396,False,23,14,-1.8171300888061523,0
622,24557631,548,512,True,24,21,-3.028655529022217,0
622,4483571,496,496,False,25,35,-4.601892948150635,0
622,32263707,621,512,True,26,31,-3.744231700897217,0
622,275294,404,404,False,27,40,-5.492656230926514,0
622,12009265,670,512,True,28,22,-3.0287046432495117,0
622,4515975,423,423,False,29,37,-5.248419284820557,0
622,23868856,547,512,True,30,47,-7.273726940155029,0
622,25259746,433,433,False,31,33,-4.092538833618164,0
622,11705328,439,439,False,32,34,-4.145381927490234,0
622,52176296,220,220,False,33,45,-6.459822177886963,0
622,13870943,215,215,False,34,43,-6.169149398803711,0
622,45449835,356,356,False,35,38,-5.370020866394043,0
622,23816832,318,318,False,36,46,-6.493132591247559,0
622,42441846,485,485,False,37,17,-2.441918134689331,0
622,16252863,515,512,True,38,30,-3.721864938735962,0
622,15615957,531,512,True,39,26,-3.1935651302337646,0
622,37065914,460,460,False,40,20,-2.8069539070129395,0
622,21380348,362,362,False,41,50,-9.386481285095215,0
622,16180601,373,373,False,42,42,-6.107732772827148,0
622,4442799,527,512,True,43,15,-2.211416006088257,0
622,37424881,458,458,False,44,29,-3.2750251293182373,0
622,11246427,683,512,True,45,39,-5.455472946166992,0
622,8595678,737,512,True,46,19,-2.713282585144043,0
622,2159648,249,249,False,47,49,-7.957225322723389,0
622,3701541,273,273,False,48,48,-7.706870079040527,0
622,7454794,269,269,False,49,44,-6.211602210998535,0
622,140098548,527,512,True,50,28,-3.269651174545288,0
1034,4547102,407,407,False,1,2,3.4505116939544678,1
1034,15803282,321,321,False,2,1,4.6345906257629395,0
1034,12100854,505,505,False,3,3,1.876015305519104,0
1034,5409905,266,266,False,4,8,-0.060875698924064636,0
1034,8185080,181,181,False,5,10,-0.5546926856040955,0
1034,14555750,286,286,False,6,4,1.0389097929000854,0
1034,7426741,351,351,False,7,7,0.23633107542991638,0
1034,8548635,319,319,False,8,12,-0.8462589979171753,0
1034,18841257,308,308,False,9,6,0.2560318112373352,0
1034,18998807,287,287,False,10,15,-1.0849556922912598,0
1034,3669694,486,486,False,11,9,-0.3360365629196167,0
1034,14225271,213,213,False,12,22,-2.885125160217285,0
1034,25629722,399,399,False,13,16,-1.357658863067627,0
1034,116075383,353,353,False,14,18,-2.0958566665649414,0
1034,21271817,324,324,False,15,19,-2.3719096183776855,0
1034,13400643,295,295,False,16,41,-6.504522800445557,0
1034,4387494,472,472,False,17,11,-0.7139688730239868,0
1034,19384430,292,292,False,18,39,-6.369300842285156,0
1034,6441369,319,319,False,19,13,-0.9407564401626587,0
1034,52868579,317,317,False,20,20,-2.376404047012329,0
1034,16541762,313,313,False,21,24,-3.9055938720703125,0
1034,6826100,311,311,False,22,26,-3.9356274604797363,0
1034,36921186,310,310,False,23,47,-8.420426368713379,0
1034,13639330,269,269,False,24,49,-8.501790046691895,0
1034,8290760,291,291,False,25,32,-5.012971878051758,0
1034,24713020,324,324,False,26,25,-3.91013503074646,0
1034,21380232,337,337,False,27,27,-4.07781982421875,0
1034,13955536,285,285,False,28,33,-5.234233379364014,0
1034,11844791,349,349,False,29,23,-2.93479061126709,0
1034,15215393,450,450,False,30,35,-5.5583577156066895,0
1034,36474,284,284,False,31,50,-9.076957702636719,0
1034,3583084,277,277,False,32,42,-6.651993751525879,0
1034,6455142,304,304,False,33,14,-1.0332790613174438,0
1034,6054657,321,321,False,34,34,-5.35185432434082,0
1034,6477740,301,301,False,35,36,-5.800428867340088,0
1034,1709625,179,179,False,36,46,-8.125747680664062,0
1034,2853685,323,323,False,37,43,-6.728655815124512,0
1034,26108767,418,418,False,38,31,-4.892127990722656,0
1034,8150638,472,472,False,39,17,-1.4112801551818848,0
1034,3849194,304,304,False,40,29,-4.520739555358887,0
1034,9646449,332,332,False,41,40,-6.456342697143555,0
1034,9634465,506,506,False,42,28,-4.116070747375488,0
1034,30884033,377,377,False,43,44,-6.730874061584473,0
1034,31882215,352,352,False,44,30,-4.581478118896484,0
1034,23195302,333,333,False,45,48,-8.471532821655273,0
1034,21601459,335,335,False,46,37,-5.838367462158203,0
1034,1243475,511,511,False,47,21,-2.504521131515503,0
1034,6948886,382,382,False,48,38,-6.2786664962768555,0
1034,4455466,537,512,True,49,5,0.589749813079834,0
1034,37164306,333,333,False,50,45,-6.942919731140137,0
203,9558539,351,351,False,1,1,9.157121658325195,1
203,87430549,108,108,False,2,46,-4.9449310302734375,0
203,41548287,447,447,False,3,3,2.204176902770996,0
203,6082738,163,163,False,4,43,-4.576594352722168,0
203,8891333,257,257,False,5,27,-2.754978656768799,0
203,35443524,201,201,False,6,23,-2.158112049102783,0
203,17021845,434,434,False,7,25,-2.349731922149658,0
203,13779605,270,270,False,8,17,-1.424665927886963,0
203,6441369,311,311,False,9,13,-0.8407813310623169,0
203,31902335,172,172,False,10,40,-4.463884353637695,0
203,13011249,242,242,False,11,38,-4.444829940795898,0
203,40382183,179,179,False,12,42,-4.573629379272461,0
203,42106119,250,250,False,13,22,-1.9416090250015259,0
203,14768471,381,381,False,14,15,-1.1713707447052002,0
203,2608447,253,253,False,15,18,-1.5882790088653564,0
203,825728,240,240,False,16,26,-2.40134334564209,0
203,31439189,466,466,False,17,12,-0.264332115650177,0
203,19384430,284,284,False,18,44,-4.645942211151123,0
203,3376731,337,337,False,19,9,-0.18821817636489868,0
203,21676556,282,282,False,20,24,-2.318673610687256,0
203,18953920,270,270,False,21,30,-2.976478099822998,0
203,4422868,315,315,False,22,36,-4.210978984832764,0
203,6944800,240,240,False,23,39,-4.461907386779785,0
203,3981613,188,188,False,24,48,-5.628142833709717,0
203,4452318,311,311,False,25,45,-4.934104919433594,0
203,1630949,268,268,False,26,47,-5.006111145019531,0
203,2853685,315,315,False,27,28,-2.8662078380584717,0
203,25513319,418,418,False,28,2,2.585057497024536,0
203,15946643,332,332,False,29,4,1.9706647396087646,0
203,24349992,710,512,True,30,6,0.9049756526947021,0
203,381602,382,382,False,31,10,-0.21632063388824463,0
203,7583725,206,206,False,32,7,0.8820587396621704,0
203,52868579,309,309,False,33,50,-7.199811935424805,0
203,54561384,295,295,False,34,29,-2.866628646850586,0
203,21601459,327,327,False,35,31,-3.1268773078918457,0
203,33638477,368,368,False,36,8,0.777690589427948,0
203,32742683,205,205,False,37,35,-4.041441440582275,0
203,20372201,219,219,False,38,34,-3.741020679473877,0
203,3773719,265,265,False,39,49,-5.989580154418945,0
203,8702697,445,445,False,40,11,-0.2468036413192749,0
203,9600826,382,382,False,41,20,-1.6509594917297363,0
203,4430962,337,337,False,42,21,-1.7891974449157715,0
203,952111,197,197,False,43,32,-3.6635026931762695,0
203,15335331,388,388,False,44,5,1.5413684844970703,0
203,8185080,173,173,False,45,33,-3.6807479858398438,0
203,15945975,298,298,False,46,41,-4.483375549316406,0
203,3727986,297,297,False,47,19,-1.59675931930542,0
203,8290760,283,283,False,48,37,-4.334776878356934,0
203,4429932,374,374,False,49,16,-1.3501776456832886,0
203,35993767,395,395,False,50,14,-0.8672394752502441,0
104,40164383,776,512,True,1,1,-0.4301096796989441,1
104,17897801,463,463,False,2,3,-5.103574752807617,0
104,9122283,452,452,False,3,9,-7.880758285522461,0
104,44384384,584,512,True,4,12,-8.137654304504395,0
104,22530842,307,307,False,5,18,-8.779550552368164,0
104,42601237,601,512,True,6,6,-7.506675720214844,0
104,34873974,749,512,True,7,25,-9.275110244750977,0
104,8290953,401,401,False,8,28,-9.41617202758789,0
104,9622258,537,512,True,9,7,-7.628741264343262,0
104,3619372,290,290,False,10,15,-8.624366760253906,0
104,29526125,608,512,True,11,24,-9.27202033996582,0
104,5884524,516,512,True,12,21,-9.042285919189453,0
104,6158879,842,512,True,13,23,-9.180925369262695,0
104,3984231,494,494,False,14,31,-9.634428024291992,0
104,27550580,601,512,True,15,29,-9.423711776733398,0
104,29253460,451,451,False,16,36,-9.94894790649414,0
104,2352142,137,137,False,17,38,-10.17872142791748,0
104,20746604,579,512,True,18,27,-9.406445503234863,0
104,3056682,422,422,False,19,34,-9.762838363647461,0
104,32159283,435,435,False,20,10,-8.063318252563477,0
104,51865482,501,501,False,21,13,-8.337212562561035,0
104,16625620,207,207,False,22,48,-10.752899169921875,0
104,6153754,567,512,True,23,5,-6.7152605056762695,0
104,23195674,458,458,False,24,11,-8.066957473754883,0
104,10576136,483,483,False,25,20,-9.02161979675293,0
104,9306247,364,364,False,26,46,-10.712270736694336,0
104,24097933,462,462,False,27,19,-8.943751335144043,0
104,35271381,464,464,False,28,35,-9.829248428344727,0
104,34054472,340,340,False,29,30,-9.424480438232422,0
104,20887554,540,512,True,30,45,-10.658364295959473,0
104,38630735,638,512,True,31,16,-8.644460678100586,0
104,14823313,591,512,True,32,50,-11.108715057373047,0
104,2060137,463,463,False,33,17,-8.775490760803223,0
104,6270720,410,410,False,34,22,-9.155560493469238,0
104,42373087,256,256,False,35,39,-10.305036544799805,0
104,21767325,227,227,False,36,43,-10.458854675292969,0
104,24443043,569,512,True,37,47,-10.717802047729492,0
104,6525844,467,467,False,38,42,-10.449373245239258,0
104,52893592,223,223,False,39,49,-10.812533378601074,0
104,2559303,398,398,False,40,8,-7.6429033279418945,0
104,4460880,305,305,False,41,37,-10.168231964111328,0
104,20526907,405,405,False,42,40,-10.383570671081543,0
104,7227763,299,299,False,43,26,-9.333024978637695,0
104,15925931,597,512,True,44,44,-10.51970100402832,0
104,9846940,649,512,True,45,33,-9.707143783569336,0
104,10582939,773,512,True,46,4,-5.919745922088623,0
104,37037012,483,483,False,47,32,-9.65576171875,0
104,32777637,397,397,False,48,41,-10.415460586547852,0
104,21884059,275,275,False,49,14,-8.447078704833984,0
104,10128893,573,512,True,50,2,-4.842957496643066,0
764,4345757,196,196,False,1,16,-3.5983996391296387,0
764,11481946,152,152,False,2,3,-0.04196085035800934,0
764,12672066,552,512,True,3,5,-1.4526578187942505,0
764,12994780,490,490,False,4,12,-3.040445327758789,0
764,33918970,358,358,False,5,21,-4.410464286804199,0
764,5839365,441,441,False,6,1,4.067144393920898,0
764,10463997,436,436,False,7,8,-2.3669075965881348,0
764,7098463,505,505,False,8,4,-0.35356661677360535,0
764,13441037,251,251,False,9,18,-3.8319196701049805,0
764,14121786,505,505,False,10,29,-5.537280559539795,0
764,7150238,283,283,False,11,7,-2.3186168670654297,0
764,1831916,471,471,False,12,27,-5.188901424407959,0
764,7552215,476,476,False,13,2,2.9775097370147705,1
764,23397658,379,379,False,14,44,-7.938290119171143,0
764,6588614,341,341,False,15,15,-3.4635934829711914,0
764,4353857,212,212,False,16,38,-6.677560329437256,0
764,5824985,773,512,True,17,11,-2.6818394660949707,0
764,41310252,345,345,False,18,39,-6.876864433288574,0
764,43192375,332,332,False,19,41,-7.11624002456665,0
764,3315558,149,149,False,20,48,-9.579192161560059,0
764,23369842,328,328,False,21,45,-8.331695556640625,0
764,25973484,276,276,False,22,37,-6.480381488800049,0
764,7627167,301,301,False,23,43,-7.432358741760254,0
764,24625323,302,302,False,24,20,-4.375133514404297,0
764,5268462,313,313,False,25,26,-4.978462219238281,0
764,5389095,279,279,False,26,23,-4.763803482055664,0
764,5108807,213,213,False,27,9,-2.3718936443328857,0
764,25969485,585,512,True,28,34,-6.0225019454956055,0
764,41120293,150,150,False,29,13,-3.2088563442230225,0
764,35495268,427,427,False,30,36,-6.3229522705078125,0
764,1907601,236,236,False,31,33,-5.849860191345215,0
764,31564409,487,487,False,32,28,-5.406244277954102,0
764,52865789,382,382,False,33,31,-5.8211588859558105,0
764,10889845,368,368,False,34,22,-4.565430164337158,0
764,14865329,262,262,False,35,17,-3.6529428958892822,0
764,10984005,661,512,True,36,19,-4.363716125488281,0
764,29025270,256,256,False,37,50,-10.303117752075195,0
764,23601616,582,512,True,38,6,-2.1165859699249268,0
764,13001323,234,234,False,39,40,-7.015179634094238,0
764,13944805,537,512,True,40,32,-5.821816444396973,0
764,27686445,407,407,False,41,49,-9.839111328125,0
764,79447,410,410,False,42,35,-6.2387189865112305,0
764,36003142,420,420,False,43,46,-9.229202270507812,0
764,18450716,389,389,False,44,42,-7.14488410949707,0
764,25837950,377,377,False,45,30,-5.783443450927734,0
764,2158500,159,159,False,46,10,-2.6705024242401123,0
764,40949706,386,386,False,47,25,-4.928854465484619,0
764,15790930,301,301,False,48,47,-9.489666938781738,0
764,120626,157,157,False,49,24,-4.858043670654297,0
764,1428830,242,242,False,50,14,-3.2457261085510254,0
283,1974176,554,512,True,1,1,7.597442626953125,1
283,9822397,525,512,True,2,2,6.29548454284668,0
283,6207111,315,315,False,3,20,-3.0609188079833984,0
283,8708082,213,213,False,4,13,-1.4150097370147705,0
283,10071552,544,512,True,5,3,2.369037628173828,0
283,120626,161,161,False,6,5,0.6871426701545715,0
283,32534305,337,337,False,7,10,-0.2815808057785034,0
283,27166444,419,419,False,8,16,-2.3995893001556396,0
283,15615957,527,512,True,9,9,-0.15192392468452454,0
283,11481946,156,156,False,10,12,-1.329496145248413,0
283,35495268,431,431,False,11,14,-1.765812635421753,0
283,27449472,338,338,False,12,31,-3.9479587078094482,0
283,4886637,275,275,False,13,6,-0.010042484849691391,0
283,5687200,651,512,True,14,8,-0.027028828859329224,0
283,5293024,240,240,False,15,50,-8.993937492370605,0
283,24704139,595,512,True,16,17,-2.438877582550049,0
283,2138843,433,433,False,17,26,-3.653870105743408,0
283,6176498,553,512,True,18,18,-2.47704815864563,0
283,2787558,384,384,False,19,33,-4.28261661529541,0
283,27428509,986,512,True,20,7,-0.020054522901773453,0
283,12224536,393,393,False,21,48,-7.862118244171143,0
283,44387884,369,369,False,22,24,-3.530710220336914,0
283,16527698,398,398,False,23,27,-3.8090314865112305,0
283,7098463,509,509,False,24,25,-3.585569381713867,0
283,13282296,698,512,True,25,15,-2.281803607940674,0
283,71341302,355,355,False,26,11,-0.6245245933532715,0
283,71625969,291,291,False,27,35,-5.222543716430664,0
283,24918110,408,408,False,28,30,-3.8865911960601807,0
283,10557471,388,388,False,29,22,-3.3768491744995117,0
283,11071351,213,213,False,30,44,-7.053792476654053,0
283,31229233,485,485,False,31,4,0.7446639537811279,0
283,195352,217,217,False,32,21,-3.2897214889526367,0
283,25157790,330,330,False,33,45,-7.167804718017578,0
283,11201004,433,433,False,34,29,-3.8445229530334473,0
283,17656445,380,380,False,35,40,-6.006948471069336,0
283,8842332,666,512,True,36,41,-6.618420124053955,0
283,42873134,566,512,True,37,34,-4.442327499389648,0
283,30805636,532,512,True,38,19,-2.5118398666381836,0
283,33960383,406,406,False,39,39,-5.99498176574707,0
283,198133135,434,434,False,40,43,-7.012281894683838,0
283,26058927,590,512,True,41,32,-4.120804786682129,0
283,20288322,347,347,False,42,28,-3.83449387550354,0
283,2138767,518,512,True,43,46,-7.228519439697266,0
283,25599283,434,434,False,44,37,-5.7391204833984375,0
283,15663829,608,512,True,45,23,-3.5071463584899902,0
283,5567005,200,200,False,46,49,-8.211746215820312,0
283,11899391,382,382,False,47,38,-5.992079734802246,0
283,45027320,263,263,False,48,42,-6.796700477600098,0
283,1456068,554,512,True,49,36,-5.707147121429443,0
283,11953232,455,455,False,50,47,-7.27271842956543,0
542,19688024,254,254,False,1,1,3.4215035438537598,1
542,7968532,170,170,False,2,12,-6.1869025230407715,0
542,41337677,254,254,False,3,2,-3.0362861156463623,0
542,40044800,284,284,False,4,5,-5.206748008728027,0
542,8417211,433,433,False,5,3,-5.134038925170898,0
542,72159,362,362,False,6,17,-6.970306873321533,0
542,21943141,365,365,False,7,33,-9.431991577148438,0
542,44935041,418,418,False,8,23,-8.048503875732422,0
542,46135768,240,240,False,9,30,-9.185853004455566,0
542,10559501,441,441,False,10,28,-8.94992733001709,0
542,1049501,327,327,False,11,11,-6.162668704986572,0
542,27731651,258,258,False,12,47,-10.89205551147461,0
542,27093166,555,512,True,13,8,-5.861908912658691,0
542,10039688,212,212,False,14,37,-10.03293228149414,0
542,3692112,310,310,False,15,48,-10.975786209106445,0
542,34378726,140,140,False,16,35,-9.679508209228516,0
542,3493623,298,298,False,17,31,-9.273704528808594,0
542,22185730,441,441,False,18,7,-5.5227766036987305,0
542,24742375,198,198,False,19,15,-6.774096488952637,0
542,34445160,367,367,False,20,25,-8.542207717895508,0
542,28809022,356,356,False,21,42,-10.608768463134766,0
542,23801039,494,494,False,22,27,-8.888025283813477,0
542,23634484,323,323,False,23,14,-6.376247406005859,0
542,38380061,263,263,False,24,45,-10.846019744873047,0
542,33063763,414,414,False,25,24,-8.169048309326172,0
542,9614443,542,512,True,26,4,-5.204202651977539,0
542,5927534,275,275,False,27,6,-5.275594711303711,0
542,28230867,337,337,False,28,50,-11.15914535522461,0
542,52873726,373,373,False,29,9,-6.037988662719727,0
542,5500086,300,300,False,30,32,-9.316107749938965,0
542,4662264,253,253,False,31,20,-7.2161664962768555,0
542,7005276,407,407,False,32,13,-6.276340007781982,0
542,32927401,136,136,False,33,40,-10.590648651123047,0
542,17055665,302,302,False,34,38,-10.103403091430664,0
542,13106686,310,310,False,35,18,-6.987260818481445,0
542,18078750,253,253,False,36,49,-11.037195205688477,0
542,16686383,416,416,False,37,16,-6.806915760040283,0
542,24770913,415,415,False,38,41,-10.603326797485352,0
542,11291348,312,312,False,39,22,-8.039588928222656,0
542,6268106,400,400,False,40,43,-10.648348808288574,0
542,29851836,234,234,False,41,19,-7.193782806396484,0
542,39539647,444,444,False,42,26,-8.84423542022705,0
542,37164306,322,322,False,43,10,-6.137801647186279,0
542,26107000,437,437,False,44,29,-9.010782241821289,0
542,17829012,287,287,False,45,46,-10.881163597106934,0
542,37138639,257,257,False,46,34,-9.648002624511719,0
542,6717533,193,193,False,47,21,-8.002387046813965,0
542,17023584,292,292,False,48,39,-10.241917610168457,0
542,600437,316,316,False,49,44,-10.781352996826172,0
542,13916951,246,246,False,50,36,-9.936573028564453,0
304,25175223,286,286,False,1,5,0.30348074436187744,0
304,14797520,273,273,False,2,1,2.3529367446899414,1
304,34559336,256,256,False,3,16,-2.373814582824707,0
304,4393153,330,330,False,4,10,-1.7472968101501465,0
304,32275758,300,300,False,5,3,1.6781461238861084,0
304,1695604,279,279,False,6,28,-4.523130416870117,0
304,4162857,241,241,False,7,12,-2.0587215423583984,0
304,12149169,240,240,False,8,21,-3.3633759021759033,0
304,23698769,233,233,False,9,15,-2.2927730083465576,0
304,1569031,299,299,False,10,34,-5.673460960388184,0
304,41403996,364,364,False,11,38,-6.16577672958374,0
304,43014661,348,348,False,12,44,-7.0233845710754395,0
304,40234452,374,374,False,13,29,-4.722201824188232,0
304,41337677,242,242,False,14,42,-6.439764499664307,0
304,5137019,424,424,False,15,17,-2.3776330947875977,0
304,13072112,260,260,False,16,2,2.2052061557769775,0
304,18841257,285,285,False,17,25,-4.307986736297607,0
304,10627801,349,349,False,18,47,-8.256399154663086,0
304,3849194,281,281,False,19,24,-4.047324180603027,0
304,29788648,357,357,False,20,4,0.8549620509147644,0
304,27134931,169,169,False,21,18,-2.5014801025390625,0
304,544971,219,219,False,22,32,-4.898996353149414,0
304,4465762,244,244,False,23,6,-0.3323548436164856,0
304,27635177,310,310,False,24,26,-4.317328453063965,0
304,30675656,234,234,False,25,45,-7.605885982513428,0
304,14380875,425,425,False,26,7,-0.35931241512298584,0
304,7416873,297,297,False,27,9,-1.1611387729644775,0
304,15419873,273,273,False,28,35,-5.903743743896484,0
304,39929509,392,392,False,29,13,-2.2706568241119385,0
304,37164306,310,310,False,30,36,-5.968925476074219,0
304,1354567,313,313,False,31,8,-1.0019590854644775,0
304,45199834,262,262,False,32,40,-6.292328834533691,0
304,3847200,294,294,False,33,11,-1.7937538623809814,0
304,5409905,243,243,False,34,41,-6.306548118591309,0
304,26899920,232,232,False,35,19,-2.743391513824463,0
304,9420732,328,328,False,36,46,-7.977645397186279,0
304,9379687,362,362,False,37,30,-4.742734909057617,0
304,6446747,233,233,False,38,20,-2.7777233123779297,0
304,317204,497,497,False,39,14,-2.2849807739257812,0
304,6670101,1210,512,True,40,27,-4.485214710235596,0
304,1744097,318,318,False,41,23,-3.519543170928955,0
304,41852733,447,447,False,42,48,-8.792780876159668,0
304,41496215,227,227,False,43,33,-5.001678466796875,0
304,25186412,304,304,False,44,50,-9.975708961486816,0
304,8698857,287,287,False,45,49,-9.577001571655273,0
304,33397197,334,334,False,46,22,-3.502495288848877,0
304,6264468,169,169,False,47,37,-6.104426383972168,0
304,12552297,259,259,False,48,31,-4.797693252563477,0
304,6000423,379,379,False,49,39,-6.180353164672852,0
304,19238,390,390,False,50,43,-6.654918670654297,0
1276,3475317,282,282,False,1,2,2.691861629486084,1
1276,34615397,302,302,False,2,1,4.606164932250977,0
1276,21258863,408,408,False,3,5,1.2062363624572754,0
1276,24707550,403,403,False,4,4,1.3481189012527466,0
1276,3330111,195,195,False,5,15,-2.178887367248535,0
1276,44562221,412,412,False,6,3,1.432645320892334,0
1276,22852120,290,290,False,7,9,-1.4516735076904297,0
1276,343052,461,461,False,8,33,-4.359776973724365,0
1276,11156883,293,293,False,9,28,-3.735518217086792,0
1276,4380287,407,407,False,10,8,-1.1143722534179688,0
1276,20608982,333,333,False,11,24,-3.178449869155884,0
1276,9977329,186,186,False,12,6,-0.6515886783599854,0
1276,195683603,261,261,False,13,10,-1.5448594093322754,0
1276,16066726,285,285,False,14,25,-3.43464994430542,0
1276,46926352,217,217,False,15,18,-2.6264328956604004,0
1276,23801039,491,491,False,16,41,-5.701943397521973,0
1276,40365566,329,329,False,17,27,-3.729771852493286,0
1276,7343711,230,230,False,18,20,-3.05682373046875,0
1276,9225850,284,284,False,19,13,-2.133070707321167,0
1276,15435343,492,492,False,20,29,-3.82252836227417,0
1276,3155731,178,178,False,21,37,-5.0724639892578125,0
1276,24044977,237,237,False,22,23,-3.1751868724823,0
1276,11328820,498,498,False,23,21,-3.092080593109131,0
1276,35256900,231,231,False,24,45,-6.396895885467529,0
1276,14853989,277,277,False,25,35,-4.462172508239746,0
1276,21320417,177,177,False,26,39,-5.474797248840332,0
1276,3680979,220,220,False,27,14,-2.1661365032196045,0
1276,40096222,358,358,False,28,36,-4.706217288970947,0
1276,23460562,338,338,False,29,26,-3.7159223556518555,0
1276,1022115,399,399,False,30,38,-5.234369277954102,0
1276,28783084,252,252,False,31,7,-0.8870296478271484,0
1276,24612804,313,313,False,32,32,-4.292976379394531,0
1276,1386103,258,258,False,33,46,-6.478477954864502,0
1276,24315156,145,145,False,34,48,-6.911981582641602,0
1276,4391121,455,455,False,35,19,-2.9358444213867188,0
1276,21535641,225,225,False,36,16,-2.3262834548950195,0
1276,8137081,301,301,False,37,43,-6.276251316070557,0
1276,3981033,371,371,False,38,11,-1.5567445755004883,0
1276,7975937,283,283,False,39,17,-2.4933042526245117,0
1276,3559136,243,243,False,40,22,-3.0965349674224854,0
1276,14386505,394,394,False,41,40,-5.548771381378174,0
1276,1933281,228,228,False,42,50,-9.285720825195312,0
1276,18488986,426,426,False,43,31,-4.267991065979004,0
1276,21439293,148,148,False,44,30,-4.035457611083984,0
1276,23388442,277,277,False,45,34,-4.405848503112793,0
1276,188911,440,440,False,46,42,-6.017016887664795,0
1276,20501163,294,294,False,47,47,-6.901226043701172,0
1276,20610557,460,460,False,48,44,-6.318409442901611,0
1276,29399239,153,153,False,49,49,-8.955268859863281,0
1276,1454773,434,434,False,50,12,-1.8916356563568115,0
1361,15488881,229,229,False,1,1,3.4333064556121826,1
1361,38587347,321,321,False,2,2,3.056459426879883,0
1361,15058155,367,367,False,3,3,2.279937744140625,1
1361,10354110,197,197,False,4,9,-0.45133137702941895,0
1361,32101982,285,285,False,5,5,1.8520903587341309,0
1361,18041692,181,181,False,6,18,-2.563201904296875,0
1361,23305884,465,465,False,7,6,0.8710559010505676,0
1361,29125354,268,268,False,8,10,-1.156044840812683,0
1361,8610932,215,215,False,9,35,-5.528602123260498,0
1361,8629328,168,168,False,10,24,-4.1896748542785645,0
1361,52824661,385,385,False,11,11,-1.1702399253845215,0
1361,12324049,255,255,False,12,21,-3.451695680618286,0
1361,35256900,227,227,False,13,27,-4.3022589683532715,0
1361,3765739,322,322,False,14,14,-2.1883060932159424,0
1361,28644298,611,512,True,15,4,1.9873547554016113,0
1361,15593561,387,387,False,16,7,0.17947208881378174,0
1361,5003144,258,258,False,17,33,-5.156126022338867,0
1361,32927475,369,369,False,18,42,-7.0971150398254395,0
1361,37182501,267,267,False,19,36,-5.5984954833984375,0
1361,16745747,383,383,False,20,40,-6.41995906829834,0
1361,11359243,319,319,False,21,20,-3.187851905822754,0
1361,34254203,242,242,False,22,41,-6.601135730743408,0
1361,21012916,262,262,False,23,12,-1.8687872886657715,0
1361,16853734,416,416,False,24,19,-2.685802698135376,0
1361,469066,288,288,False,25,37,-6.253438949584961,0
1361,14591894,307,307,False,26,30,-4.762345790863037,0
1361,25994317,400,400,False,27,46,-8.254648208618164,0
1361,15081770,401,401,False,28,15,-2.2546982765197754,0
1361,17049436,366,366,False,29,28,-4.614119529724121,0
1361,5735492,541,512,True,30,48,-9.522178649902344,0
1361,5415832,187,187,False,31,45,-7.513898849487305,0
1361,25832301,353,353,False,32,8,-0.007394265383481979,0
1361,2452989,283,283,False,33,47,-8.795808792114258,0
1361,16550075,258,258,False,34,29,-4.728198528289795,0
1361,4394817,375,375,False,35,26,-4.252793788909912,0
1361,1976183,382,382,False,36,23,-3.89685320854187,0
1361,3580005,437,437,False,37,49,-9.592227935791016,0
1361,29347970,262,262,False,38,22,-3.705132484436035,0
1361,22948960,256,256,False,39,43,-7.4315338134765625,0
1361,9680193,391,391,False,40,34,-5.300482749938965,0
1361,4323425,352,352,False,41,17,-2.557534694671631,0
1361,5633876,299,299,False,42,16,-2.3572301864624023,0
1361,14615911,283,283,False,43,13,-2.106276750564575,0
1361,10976596,189,189,False,44,32,-4.972851276397705,0
1361,83308790,263,263,False,45,39,-6.413839340209961,0
1361,3090454,278,278,False,46,25,-4.224319934844971,0
1361,4856149,317,317,False,47,50,-10.093162536621094,0
1361,12358173,433,433,False,48,38,-6.2753167152404785,0
1361,4462419,525,512,True,49,44,-7.439475059509277,0
1361,26297042,178,178,False,50,31,-4.970623970031738,0
1341,15482274,505,505,False,1,1,6.015883445739746,1
1341,11718220,531,512,True,2,4,-7.5683183670043945,0
1341,21902910,388,388,False,3,33,-10.793277740478516,0
1341,25691541,289,289,False,4,26,-10.57021713256836,0
1341,18062308,581,512,True,5,5,-7.725804328918457,0
1341,17625068,246,246,False,6,32,-10.790175437927246,0
1341,24088502,514,512,True,7,10,-8.76460075378418,0
1341,22815457,432,432,False,8,20,-10.26953125,0
1341,32462603,413,413,False,9,23,-10.414888381958008,0
1341,52874170,654,512,True,10,3,-6.285615921020508,0
1341,4325398,396,396,False,11,18,-10.214361190795898,0
1341,11933721,399,399,False,12,14,-10.00262451171875,0
1341,30292811,359,359,False,13,35,-10.843884468078613,0
1341,7986878,464,464,False,14,9,-8.71197509765625,0
1341,25938251,147,147,False,15,45,-11.121788024902344,0
1341,6296189,189,189,False,16,43,-11.072628021240234,0
1341,41493639,251,251,False,17,47,-11.180055618286133,0
1341,1944452,314,314,False,18,25,-10.564669609069824,0
1341,22922353,379,379,False,19,24,-10.445144653320312,0
1341,32969964,182,182,False,20,39,-11.034821510314941,0
1341,24942840,321,321,False,21,19,-10.24747085571289,0
1341,70490,116,116,False,22,49,-11.198589324951172,0
1341,25806385,382,382,False,23,34,-10.831255912780762,0
1341,25612629,252,252,False,24,42,-11.070178031921387,0
1341,24906548,340,340,False,25,29,-10.723079681396484,0
1341,73323408,399,399,False,26,21,-10.35975170135498,0
1341,116556376,446,446,False,27,31,-10.757997512817383,0
1341,44048701,775,512,True,28,22,-10.386821746826172,0
1341,28633594,730,512,True,29,16,-10.083160400390625,0
1341,39970500,310,310,False,30,36,-10.952077865600586,0
1341,14831629,159,159,False,31,48,-11.192121505737305,0
1341,6477536,581,512,True,32,17,-10.208036422729492,0
1341,17553026,313,313,False,33,44,-11.07741928100586,0
1341,39532074,581,512,True,34,7,-7.8933939933776855,0
1341,26798867,260,260,False,35,50,-11.218278884887695,0
1341,34268160,491,491,False,36,2,-5.68011474609375,0
1341,10577574,335,335,False,37,46,-11.126980781555176,0
1341,13624704,369,369,False,38,12,-9.278107643127441,0
1341,13027590,614,512,True,39,27,-10.585955619812012,0
1341,9745001,476,476,False,40,15,-10.014253616333008,0
1341,21297708,348,348,False,41,38,-10.963711738586426,0
1341,27260630,458,458,False,42,11,-8.907142639160156,0
1341,79231308,485,485,False,43,8,-8.309110641479492,0
1341,43226130,394,394,False,44,28,-10.646175384521484,0
1341,13497630,829,512,True,45,37,-10.9589262008667,0
1341,11880289,657,512,True,46,30,-10.739485740661621,0
1341,22688699,388,388,False,47,13,-9.867454528808594,0
1341,1701063,509,509,False,48,6,-7.888566493988037,0
1341,20008796,358,358,False,49,41,-11.057005882263184,0
1341,5835149,615,512,True,50,40,-11.048927307128906,0
242,27247460,422,422,False,1,8,-4.5988569259643555,0
242,19979816,226,226,False,2,13,-5.695444107055664,0
242,4385779,291,291,False,3,5,-3.6074023246765137,0
242,11968641,300,300,False,4,18,-6.60692024230957,0
242,29183629,153,153,False,5,23,-7.5903544425964355,0
242,7622767,341,341,False,6,12,-5.607156753540039,0
242,10704438,347,347,False,7,20,-7.262554168701172,0
242,3805841,316,316,False,8,14,-5.862700462341309,0
242,10608822,326,326,False,9,11,-5.357330322265625,1
242,8816869,276,276,False,10,17,-6.254988670349121,0
242,9291596,347,347,False,11,21,-7.340399265289307,0
242,38127792,199,199,False,12,37,-9.47655963897705,0
242,4320111,214,214,False,13,29,-8.452985763549805,0
242,14471161,462,462,False,14,3,-3.4823989868164062,0
242,22948960,258,258,False,15,28,-8.277959823608398,0
242,19974105,218,218,False,16,39,-9.76192855834961,0
242,11565780,263,263,False,17,2,-3.162632942199707,0
242,11674596,310,310,False,18,30,-8.518503189086914,0
242,14367469,312,312,False,19,26,-8.113791465759277,0
242,14240343,190,190,False,20,42,-9.978391647338867,0
242,4407318,309,309,False,21,35,-9.386733055114746,0
242,5389523,274,274,False,22,32,-9.067339897155762,0
242,16280642,340,340,False,23,4,-3.501516580581665,0
242,11020675,452,452,False,24,24,-7.886991024017334,0
242,25550665,310,310,False,25,46,-10.204193115234375,0
242,4899981,307,307,False,26,25,-8.060040473937988,0
242,34189936,446,446,False,27,9,-4.73189640045166,0
242,4587978,243,243,False,28,48,-10.445425033569336,0
242,4398832,358,358,False,29,31,-9.010696411132812,0
242,33989422,89,89,False,30,41,-9.948118209838867,0
242,16736872,250,250,False,31,47,-10.396685600280762,0
242,2547636,234,234,False,32,19,-6.932258129119873,0
242,7165938,449,449,False,33,15,-5.949837684631348,0
242,9451684,147,147,False,34,50,-10.808570861816406,0
242,42035464,454,454,False,35,22,-7.434264183044434,0
242,23918031,445,445,False,36,10,-5.275140762329102,0
242,23830488,409,409,False,37,27,-8.25660514831543,0
242,7492420,376,376,False,38,36,-9.455199241638184,0
242,2212067,298,298,False,39,1,-1.1142443418502808,1
242,11557602,434,434,False,40,7,-4.235630035400391,0
242,4343437,171,171,False,41,40,-9.882671356201172,0
242,2033917,270,270,False,42,43,-9.979349136352539,0
242,6812319,302,302,False,43,45,-10.083547592163086,0
242,25670099,496,496,False,44,16,-6.0961012840271,0
242,8087082,286,286,False,45,34,-9.378982543945312,0
242,6472746,283,283,False,46,6,-4.169640064239502,0
242,7681810,287,287,False,47,44,-10.048612594604492,0
242,5273056,361,361,False,48,38,-9.516963958740234,0
242,4364884,344,344,False,49,49,-10.535950660705566,0
242,15473205,419,419,False,50,33,-9.360363006591797,0
155,37549932,226,226,False,1,2,3.6229076385498047,1
155,34436231,201,201,False,2,1,4.397421836853027,0
155,22890091,401,401,False,3,7,2.556324005126953,0
155,16550075,263,263,False,4,27,-1.644402027130127,0
155,4323425,357,357,False,5,4,3.392062187194824,0
155,34439544,860,512,True,6,3,3.3953843116760254,0
155,8496132,502,502,False,7,14,0.8198327422142029,0
155,11900630,499,499,False,8,5,3.1858057975769043,0
155,30580263,497,497,False,9,16,0.3789561986923218,0
155,29689140,327,327,False,10,10,2.020092010498047,0
155,39381118,220,220,False,11,11,1.9455187320709229,0
155,2762601,135,135,False,12,47,-6.835333824157715,0
155,30224907,273,273,False,13,9,2.2868857383728027,0
155,6532806,148,148,False,14,45,-5.92238712310791,0
155,18987782,461,461,False,15,40,-4.021942615509033,0
155,6121555,411,411,False,16,12,0.8767745494842529,0
155,28006126,319,319,False,17,30,-2.6407599449157715,0
155,39424916,469,469,False,18,6,3.095337152481079,0
155,25677651,456,456,False,19,13,0.8224426507949829,0
155,9197092,295,295,False,20,18,-0.10651315003633499,0
155,28334217,435,435,False,21,44,-5.213220596313477,0
155,3730196,303,303,False,22,35,-3.5853631496429443,0
155,3805841,319,319,False,23,31,-2.9198341369628906,0
155,20738970,528,512,True,24,25,-1.2760169506072998,0
155,25300426,287,287,False,25,42,-4.9260149002075195,0
155,16745747,388,388,False,26,19,-0.3338814973831177,0
155,19979816,229,229,False,27,33,-3.5149919986724854,0
155,30379039,145,145,False,28,43,-5.019237995147705,0
155,22843616,255,255,False,29,39,-3.971798896789551,0
155,23848916,521,512,True,30,34,-3.580923557281494,0
155,57783564,457,457,False,31,23,-1.1441724300384521,0
155,7370282,342,342,False,32,20,-0.38208791613578796,0
155,8654183,593,512,True,33,26,-1.4244412183761597,0
155,31882215,339,339,False,34,28,-1.8105759620666504,0
155,11255504,274,274,False,35,41,-4.647919654846191,0
155,9955779,298,298,False,36,50,-7.754032611846924,0
155,19683625,338,338,False,37,29,-2.409649133682251,0
155,10218447,577,512,True,38,8,2.438390016555786,0
155,14863011,302,302,False,39,36,-3.6273674964904785,0
155,45414636,230,230,False,40,38,-3.8117668628692627,0
155,35962023,346,346,False,41,22,-0.9542531967163086,0
155,33638477,363,363,False,42,37,-3.7979989051818848,0
155,10976596,194,194,False,43,48,-7.559084892272949,0
155,15563864,481,481,False,44,32,-3.0325965881347656,0
155,23887844,269,269,False,45,15,0.41499072313308716,0
155,40608679,248,248,False,46,17,-0.07481075823307037,0
155,26071782,343,343,False,47,46,-6.009708404541016,0
155,10852047,447,447,False,48,24,-1.236055612564087,0
155,18855191,492,492,False,49,49,-7.713075160980225,0
155,3981033,372,372,False,50,21,-0.8264902830123901,0
32,12428497,403,403,False,1,1,3.9781494140625,1
32,33723822,224,224,False,2,2,-4.841762542724609,0
32,27527854,290,290,False,3,5,-9.100422859191895,0
32,44629665,289,289,False,4,3,-6.8098015785217285,0
32,9161988,201,201,False,5,23,-10.5612154006958,0
32,8069939,393,393,False,6,8,-9.26781177520752,0
32,2264455,293,293,False,7,11,-9.695143699645996,0
32,8883846,705,512,True,8,6,-9.201407432556152,0
32,32353339,386,386,False,9,21,-10.46805191040039,0
32,6748318,485,485,False,10,20,-10.456341743469238,0
32,8063697,427,427,False,11,19,-10.411067962646484,0
32,17591478,315,315,False,12,12,-10.020541191101074,0
32,24922825,394,394,False,13,13,-10.023656845092773,0
32,1970884,437,437,False,14,30,-10.820898056030273,0
32,22431418,196,196,False,15,10,-9.489025115966797,0
32,25897733,321,321,False,16,26,-10.706153869628906,0
32,11939159,554,512,True,17,24,-10.567920684814453,0
32,1071991,289,289,False,18,36,-10.96908187866211,0
32,7177329,332,332,False,19,27,-10.7531099319458,0
32,38376189,240,240,False,20,22,-10.500747680664062,0
32,24879055,297,297,False,21,35,-10.91639518737793,0
32,8593263,364,364,False,22,18,-10.339072227478027,0
32,3566945,459,459,False,23,14,-10.058444023132324,0
32,18275697,349,349,False,24,17,-10.284881591796875,0
32,12471115,572,512,True,25,34,-10.888922691345215,0
32,13764090,293,293,False,26,25,-10.643623352050781,0
32,4373433,317,317,False,27,29,-10.791814804077148,0
32,1173667,241,241,False,28,28,-10.762979507446289,0
32,13071728,817,512,True,29,7,-9.249801635742188,0
32,39984099,529,512,True,30,4,-8.516392707824707,0
32,9591368,393,393,False,31,40,-11.021923065185547,0
32,26105746,186,186,False,32,37,-10.982492446899414,0
32,9142761,273,273,False,33,43,-11.061363220214844,0
32,41226276,233,233,False,34,42,-11.059270858764648,0
32,14319754,518,512,True,35,16,-10.15858268737793,0
32,5560962,268,268,False,36,38,-10.983943939208984,0
32,5855168,380,380,False,37,44,-11.062987327575684,0
32,18268012,407,407,False,38,32,-10.855643272399902,0
32,5289038,200,200,False,39,49,-11.183372497558594,0
32,15435343,497,497,False,40,15,-10.154038429260254,0
32,3155731,183,183,False,41,45,-11.118647575378418,0
32,19661996,264,264,False,42,48,-11.167055130004883,0
32,2837758,269,269,False,43,39,-11.005365371704102,0
32,2601135,551,512,True,44,9,-9.460153579711914,0
32,13965483,333,333,False,45,33,-10.864316940307617,0
32,5956016,297,297,False,46,50,-11.228808403015137,0
32,39304380,316,316,False,47,47,-11.15385913848877,0
32,3308636,275,275,False,48,46,-11.145421981811523,0
32,45908102,319,319,False,49,41,-11.05811595916748,0
32,17327939,255,255,False,50,31,-10.843978881835938,0
658,5293024,251,251,False,1,3,-0.8361298441886902,1
658,2138767,529,512,True,2,7,-3.347808837890625,0
658,8780599,337,337,False,3,4,-1.082624912261963,0
658,17914395,389,389,False,4,9,-3.4887585639953613,0
658,5939172,416,416,False,5,13,-3.7845468521118164,0
658,7454794,276,276,False,6,1,0.43899860978126526,0
658,9617381,508,508,False,7,6,-3.2978322505950928,0
658,1974176,565,512,True,8,20,-4.695291996002197,0
658,20526907,394,394,False,9,36,-6.37201452255249,0
658,145416918,275,275,False,10,43,-7.392454624176025,0
658,25451374,530,512,True,11,18,-4.627018451690674,0
658,71625969,302,302,False,12,17,-4.491453170776367,0
658,5698494,409,409,False,13,8,-3.4202494621276855,0
658,12810152,607,512,True,14,11,-3.625497817993164,0
658,11071351,224,224,False,15,26,-5.331722259521484,0
658,12794099,443,443,False,16,33,-6.172467231750488,0
658,16252863,522,512,True,17,5,-3.175590753555298,0
658,15155862,396,396,False,18,23,-5.103392124176025,0
658,14803797,386,386,False,19,34,-6.3372979164123535,0
658,13230773,555,512,True,20,12,-3.6642723083496094,0
658,4506414,849,512,True,21,30,-5.821584224700928,0
658,43629704,556,512,True,22,16,-4.358453750610352,0
658,409280,405,405,False,23,15,-4.028440952301025,0
658,12224536,404,404,False,24,50,-8.728315353393555,0
658,23785605,551,512,True,25,24,-5.1383466720581055,0
658,12770738,498,498,False,26,10,-3.533832550048828,0
658,25355575,254,254,False,27,38,-6.79837703704834,0
658,15615957,538,512,True,28,2,-0.7724100947380066,0
658,23983289,434,434,False,29,37,-6.5786027908325195,0
658,30981192,408,408,False,30,14,-4.01799201965332,0
658,1456068,565,512,True,31,25,-5.233094692230225,0
658,9822397,536,512,True,32,29,-5.660391807556152,0
658,24555878,309,309,False,33,45,-7.805483818054199,0
658,25157790,341,341,False,34,42,-7.193039894104004,0
658,35495268,442,442,False,35,28,-5.638121128082275,0
658,6793674,434,434,False,36,21,-4.724096298217773,0
658,1287809,691,512,True,37,39,-6.843786716461182,0
658,41264017,337,337,False,38,46,-7.953543663024902,0
658,4647303,592,512,True,39,47,-8.000957489013672,0
658,8708082,224,224,False,40,32,-6.165741920471191,0
658,27466734,726,512,True,41,35,-6.356310844421387,0
658,12102963,324,324,False,42,19,-4.630707740783691,0
658,752423,422,422,False,43,27,-5.368022918701172,0
658,8595678,744,512,True,44,31,-6.007093906402588,0
658,11201004,444,444,False,45,44,-7.651987075805664,0
658,39368721,584,512,True,46,40,-7.012012958526611,0
658,17693849,539,512,True,47,22,-4.939725875854492,0
658,13933299,477,477,False,48,49,-8.622628211975098,0
658,22420524,596,512,True,49,41,-7.090001106262207,0
658,3770750,504,504,False,50,48,-8.521371841430664,0
1307,1574014,408,408,False,1,3,-0.35656216740608215,0
1307,35395662,284,284,False,2,2,-0.1907438039779663,0
1307,10906636,473,473,False,3,5,-2.593059778213501,0
1307,4387484,409,409,False,4,23,-5.905651092529297,0
1307,19603353,205,205,False,5,17,-4.9599995613098145,0
1307,12932176,411,411,False,6,10,-3.851461410522461,0
1307,39763465,246,246,False,7,15,-4.567931175231934,0
1307,72159,354,354,False,8,9,-3.7841343879699707,0
1307,10790846,449,449,False,9,8,-3.7518982887268066,0
1307,9433958,283,283,False,10,46,-10.400283813476562,0
1307,18231807,262,262,False,11,4,-1.7129250764846802,1
1307,26071782,337,337,False,12,7,-2.9410603046417236,0
1307,34016944,553,512,True,13,6,-2.792579174041748,0
1307,116792,447,447,False,14,29,-6.593751430511475,0
1307,27815697,230,230,False,15,50,-11.090598106384277,0
1307,9197786,340,340,False,16,33,-7.2995100021362305,0
1307,23078022,385,385,False,17,1,0.2646313011646271,0
1307,37549932,220,220,False,18,18,-4.977014541625977,0
1307,14719322,386,386,False,19,32,-7.267928600311279,0
1307,36432234,317,317,False,20,14,-4.510019779205322,0
1307,317204,501,501,False,21,39,-8.180946350097656,0
1307,6625693,331,331,False,22,35,-7.6632795333862305,0
1307,3140772,403,403,False,23,26,-6.15549373626709,0
1307,30437264,275,275,False,24,28,-6.485583305358887,0
1307,6163801,245,245,False,25,40,-8.458097457885742,0
1307,32598644,380,380,False,26,22,-5.498321056365967,0
1307,10555591,248,248,False,27,36,-7.701740264892578,0
1307,42465769,410,410,False,28,34,-7.659541130065918,0
1307,18938992,380,380,False,29,48,-10.501656532287598,0
1307,19571273,462,462,False,30,27,-6.264461517333984,0
1307,6559701,204,204,False,31,43,-9.55963134765625,0
1307,38752049,357,357,False,32,42,-9.152596473693848,0
1307,25842866,492,492,False,33,30,-6.991071701049805,0
1307,4469125,386,386,False,34,19,-5.085968971252441,0
1307,28724565,407,407,False,35,44,-9.598546028137207,0
1307,14362678,290,290,False,36,13,-4.445361137390137,0
1307,13639330,250,250,False,37,21,-5.38001012802124,0
1307,10354110,196,196,False,38,49,-10.543474197387695,0
1307,5821617,311,311,False,39,37,-7.846096515655518,0
1307,22938539,327,327,False,40,47,-10.462182998657227,0
1307,43419566,206,206,False,41,12,-4.205067157745361,0
1307,40584205,408,408,False,42,45,-10.156634330749512,0
1307,994800,311,311,False,43,24,-6.007640838623047,0
1307,32611468,360,360,False,44,38,-7.976315021514893,0
1307,28006126,313,313,False,45,20,-5.302176475524902,0
1307,23076291,534,512,True,46,11,-3.9273288249969482,0
1307,38143689,448,448,False,47,16,-4.915419578552246,0
1307,54482327,297,297,False,48,31,-7.141191482543945,0
1307,26731863,229,229,False,49,41,-8.50281047821045,0
1307,4653837,364,364,False,50,25,-6.038622856140137,0
616,17911973,248,248,False,1,5,-3.285615921020508,0
616,4993011,310,310,False,2,20,-6.677570343017578,0
616,10944947,289,289,False,3,25,-7.757887363433838,0
616,22317868,242,242,False,4,1,-1.7343785762786865,0
616,8352137,323,323,False,5,4,-3.129423141479492,0
616,11255504,273,273,False,6,12,-4.866578102111816,0
616,6078882,247,247,False,7,21,-6.93916654586792,0
616,22544171,328,328,False,8,30,-9.028356552124023,0
616,8892905,441,441,False,9,10,-4.576914310455322,0
616,13949015,242,242,False,10,24,-7.652146339416504,0
616,6910577,172,172,False,11,26,-8.205282211303711,0
616,24896957,454,454,False,12,16,-6.304044723510742,0
616,4323449,486,486,False,13,17,-6.357832908630371,0
616,26848994,455,455,False,14,8,-4.220743656158447,0
616,16167746,360,360,False,15,44,-10.688191413879395,0
616,31902335,166,166,False,16,11,-4.717954158782959,0
616,27768226,1384,512,True,17,43,-10.606839179992676,0
616,14178995,308,308,False,18,38,-9.635180473327637,0
616,2608447,247,247,False,19,23,-7.419412612915039,0
616,13072112,269,269,False,20,28,-8.715274810791016,0
616,4391817,260,260,False,21,32,-9.150108337402344,0
616,28809022,353,353,False,22,49,-10.983819961547852,0
616,36713289,229,229,False,23,31,-9.087806701660156,0
616,9500590,296,296,False,24,27,-8.230546951293945,0
616,25576204,326,326,False,25,2,-2.6018142700195312,0
616,1387104,617,512,True,26,6,-3.451630115509033,0
616,12156187,263,263,False,27,42,-10.438501358032227,0
616,34103335,316,316,False,28,7,-4.031373500823975,0
616,25036988,273,273,False,29,39,-9.747299194335938,0
616,17877537,294,294,False,30,48,-10.929792404174805,0
616,5782614,344,344,False,31,13,-5.210007667541504,0
616,7912,284,284,False,32,47,-10.843234062194824,0
616,13791206,286,286,False,33,14,-5.628028869628906,0
616,13717103,480,480,False,34,22,-7.2389726638793945,0
616,31347396,309,309,False,35,15,-5.886385917663574,0
616,19255949,309,309,False,36,35,-9.439379692077637,0
616,3773719,259,259,False,37,29,-8.846797943115234,0
616,17223891,229,229,False,38,19,-6.619234085083008,0
616,3353748,114,114,False,39,50,-11.16416072845459,0
616,21790313,162,162,False,40,36,-9.465165138244629,0
616,3210545,395,395,False,41,3,-3.005354166030884,0
616,15913433,228,228,False,42,46,-10.801115036010742,0
616,3684342,324,324,False,43,18,-6.420896053314209,0
616,2679511,384,384,False,44,34,-9.410792350769043,0
616,26902591,265,265,False,45,41,-10.042078971862793,0
616,14658685,215,215,False,46,45,-10.714365005493164,0
616,38899659,354,354,False,47,33,-9.280921936035156,0
616,21855837,214,214,False,48,37,-9.585338592529297,0
616,7211056,380,380,False,49,9,-4.522487640380859,0
616,31890716,484,484,False,50,40,-9.892210006713867,0
469,1410197,411,411,False,1,4,-4.983640670776367,1
469,14924526,179,179,False,2,13,-6.935227394104004,0
469,13458119,325,325,False,3,5,-5.013041019439697,0
469,13780287,318,318,False,4,24,-7.903384208679199,0
469,306311,171,171,False,5,11,-6.334822654724121,0
469,15889329,334,334,False,6,1,-0.8723421096801758,0
469,3085264,520,512,True,7,8,-5.191951751708984,0
469,14767844,205,205,False,8,19,-7.527266502380371,0
469,16284655,275,275,False,9,20,-7.670438289642334,0
469,25416944,362,362,False,10,14,-6.9893293380737305,0
469,23746332,245,245,False,11,12,-6.779492378234863,0
469,30221601,225,225,False,12,6,-5.093790054321289,0
469,17101262,345,345,False,13,37,-9.469789505004883,0
469,10074251,374,374,False,14,21,-7.724564552307129,0
469,37592824,462,462,False,15,17,-7.513312339782715,0
469,35520219,596,512,True,16,9,-5.193035125732422,0
469,19079491,132,132,False,17,32,-8.86621379852295,0
469,5094468,123,123,False,18,34,-9.167218208312988,0
469,13760557,382,382,False,19,33,-8.94471549987793,0
469,36860856,249,249,False,20,48,-10.739753723144531,0
469,116792,440,440,False,21,16,-7.373607635498047,0
469,13283919,304,304,False,22,42,-9.77624225616455,0
469,29723642,177,177,False,23,23,-7.830051898956299,0
469,24712186,429,429,False,24,38,-9.565698623657227,0
469,29231620,430,430,False,25,28,-8.381422996520996,0
469,24670522,311,311,False,26,26,-8.119512557983398,0
469,24349430,484,484,False,27,7,-5.097303867340088,0
469,23670644,606,512,True,28,30,-8.523858070373535,0
469,30534237,369,369,False,29,2,-4.374971389770508,0
469,27078065,182,182,False,30,47,-10.63325309753418,0
469,21767325,201,201,False,31,22,-7.735655784606934,0
469,41496215,224,224,False,32,45,-9.946525573730469,0
469,1710116,225,225,False,33,46,-10.45914077758789,0
469,25597580,265,265,False,34,39,-9.634727478027344,0
469,44572913,467,467,False,35,10,-5.887397289276123,0
469,5395426,395,395,False,36,44,-9.937527656555176,0
469,17150648,239,239,False,37,3,-4.688494682312012,0
469,16398827,273,273,False,38,43,-9.786394119262695,0
469,13757347,216,216,False,39,18,-7.519179344177246,0
469,28724565,400,400,False,40,31,-8.538667678833008,0
469,2547636,224,224,False,41,35,-9.287881851196289,0
469,14719322,379,379,False,42,50,-10.795766830444336,0
469,13878124,254,254,False,43,15,-7.229588508605957,0
469,14753395,239,239,False,44,49,-10.770383834838867,0
469,23439808,438,438,False,45,27,-8.24224853515625,0
469,12948892,316,316,False,46,36,-9.354683876037598,0
469,2039912,536,512,True,47,29,-8.398996353149414,0
469,6565037,309,309,False,48,41,-9.7521333694458,0
469,3034412,460,460,False,49,40,-9.681098937988281,0
469,46485368,479,479,False,50,25,-8.10246753692627,0
591,14682243,588,512,True,1,1,8.003342628479004,1
591,45457778,162,162,False,2,6,-2.1594390869140625,0
591,6309659,598,512,True,3,12,-3.466160774230957,0
591,13934676,487,487,False,4,2,0.29775530099868774,0
591,21274919,392,392,False,5,4,-0.3666304051876068,0
591,32463364,462,462,False,6,3,-0.04710143804550171,0
591,13282296,704,512,True,7,7,-2.612797737121582,0
591,36003142,430,430,False,8,5,-1.4039533138275146,0
591,41264017,332,332,False,9,10,-3.307614326477051,0
591,27076725,389,389,False,10,16,-5.3044939041137695,0
591,13933299,472,472,False,11,11,-3.4089083671569824,0
591,17691617,468,468,False,12,13,-4.332833290100098,0
591,5402581,627,512,True,13,15,-4.608014106750488,0
591,17821387,552,512,True,14,26,-6.174881935119629,0
591,24285403,414,414,False,15,20,-5.738989353179932,0
591,6490571,477,477,False,16,9,-3.0329864025115967,0
591,41782935,198,198,False,17,24,-6.071832180023193,0
591,46565020,561,512,True,18,34,-6.903818130493164,0
591,32743723,300,300,False,19,44,-8.70006275177002,0
591,1642727,542,512,True,20,21,-5.740361213684082,0
591,27391365,290,290,False,21,31,-6.76878023147583,0
591,24735908,645,512,True,22,32,-6.797247886657715,0
591,24276304,663,512,True,23,8,-2.8314082622528076,0
591,1068106,278,278,False,24,27,-6.422599792480469,0
591,2338488,486,486,False,25,36,-6.955625534057617,0
591,9748934,331,331,False,26,41,-8.321819305419922,0
591,21472388,580,512,True,27,28,-6.511853218078613,0
591,1102268,432,432,False,28,14,-4.430349349975586,0
591,51386222,543,512,True,29,22,-5.762644290924072,0
591,25853741,243,243,False,30,25,-6.127153396606445,0
591,6917133,211,211,False,31,35,-6.920524597167969,0
591,8524891,451,451,False,32,18,-5.462727069854736,0
591,40987633,382,382,False,33,45,-8.76968002319336,0
591,24725136,502,502,False,34,39,-7.601100921630859,0
591,17930286,471,471,False,35,46,-8.88798713684082,0
591,10958594,410,410,False,36,23,-6.033915042877197,0
591,36355784,337,337,False,37,43,-8.486769676208496,0
591,997143,421,421,False,38,50,-10.824426651000977,0
591,4505748,489,489,False,39,38,-7.29744291305542,0
591,19675911,424,424,False,40,19,-5.7064714431762695,0
591,20321154,505,505,False,41,37,-6.957182884216309,0
591,45336190,462,462,False,42,40,-7.867091655731201,0
591,43122426,381,381,False,43,30,-6.740402698516846,0
591,4679264,416,416,False,44,47,-9.391563415527344,0
591,20610390,333,333,False,45,42,-8.417558670043945,0
591,4824840,790,512,True,46,17,-5.434083461761475,0
591,143868995,153,153,False,47,48,-9.746404647827148,0
591,30639847,720,512,True,48,49,-10.364400863647461,0
591,7209559,514,512,True,49,33,-6.804605007171631,0
591,42095718,158,158,False,50,29,-6.700130462646484,0
1165,4312169,512,512,False,1,1,2.7288262844085693,0
1165,4455466,531,512,True,2,6,-1.4886771440505981,1
1165,12887068,255,255,False,3,2,1.995370864868164,0
1165,17775228,323,323,False,4,19,-4.083330154418945,0
1165,2888272,266,266,False,5,7,-1.5374468564987183,0
1165,9791313,332,332,False,6,35,-6.621863842010498,0
1165,42267740,366,366,False,7,10,-2.099257469177246,0
1165,8331432,302,302,False,8,24,-5.051335334777832,0
1165,41293601,257,257,False,9,3,1.3905137777328491,0
1165,16626264,319,319,False,10,12,-3.059224843978882,0
1165,3230361,413,413,False,11,15,-3.7459335327148438,0
1165,13790144,165,165,False,12,43,-7.923834800720215,0
1165,1243475,505,505,False,13,5,-1.33559250831604,0
1165,406733,257,257,False,14,25,-5.159060478210449,0
1165,28614776,305,305,False,15,4,-0.7126587629318237,0
1165,42009630,291,291,False,16,22,-4.762258529663086,0
1165,7426741,345,345,False,17,13,-3.3632168769836426,0
1165,36831892,204,204,False,18,44,-7.928389549255371,0
1165,23269537,389,389,False,19,18,-4.043076038360596,0
1165,175735,366,366,False,20,28,-5.647966384887695,0
1165,8267678,187,187,False,21,48,-8.58376693725586,0
1165,9889151,313,313,False,22,9,-2.0097925662994385,0
1165,8548635,313,313,False,23,8,-2.002760648727417,0
1165,23665162,506,506,False,24,31,-6.167741298675537,0
1165,14637235,323,323,False,25,23,-4.905231475830078,0
1165,12588500,294,294,False,26,14,-3.5430116653442383,0
1165,18694784,328,328,False,27,16,-3.7962844371795654,0
1165,32638085,179,179,False,28,46,-8.311578750610352,0
1165,11359243,331,331,False,29,29,-5.680931568145752,0
1165,11532659,306,306,False,30,21,-4.443894386291504,0
1165,20781656,300,300,False,31,40,-7.273130416870117,0
1165,13639330,263,263,False,32,47,-8.420187950134277,0
1165,8411251,171,171,False,33,45,-8.092391014099121,0
1165,9881829,243,243,False,34,26,-5.200531005859375,0
1165,4993011,318,318,False,35,20,-4.397589206695557,0
1165,29877890,220,220,False,36,49,-9.279886245727539,0
1165,2151983,369,369,False,37,50,-9.906533241271973,0
1165,12156187,271,271,False,38,37,-6.807723045349121,0
1165,20630805,291,291,False,39,30,-6.153780460357666,0
1165,22544171,336,336,False,40,11,-2.6954312324523926,0
1165,11844791,343,343,False,41,17,-3.943535089492798,0
1165,12040627,306,306,False,42,36,-6.667900085449219,0
1165,40349336,296,296,False,43,34,-6.248187065124512,0
1165,41852733,464,464,False,44,33,-6.2239532470703125,0
1165,4434951,405,405,False,45,39,-7.1168904304504395,0
1165,9451052,387,387,False,46,32,-6.198550224304199,0
1165,22522432,258,258,False,47,38,-6.835268020629883,0
1165,17919731,179,179,False,48,41,-7.5030436515808105,0
1165,1387104,625,512,True,49,42,-7.580942630767822,0
1165,5966635,310,310,False,50,27,-5.593312740325928,0
95,13966946,379,379,False,1,1,-2.398393154144287,0
95,18025240,433,433,False,2,2,-5.233005046844482,0
95,34760396,432,432,False,3,15,-8.337030410766602,0
95,4999387,332,332,False,4,20,-8.957703590393066,0
95,15879544,312,312,False,5,10,-7.537006378173828,0
95,7433668,370,370,False,6,6,-6.250917434692383,0
95,25878014,341,341,False,7,26,-9.357280731201172,0
95,3930020,406,406,False,8,17,-8.632410049438477,0
95,15617866,438,438,False,9,18,-8.649041175842285,0
95,23801039,487,487,False,10,9,-6.848001956939697,0
95,695938,248,248,False,11,19,-8.839640617370605,0
95,11411060,461,461,False,12,16,-8.513277053833008,0
95,15237660,455,455,False,13,21,-8.98880386352539,0
95,18074797,613,512,True,14,11,-7.692389488220215,0
95,30741007,258,258,False,15,31,-9.715110778808594,0
95,11936877,121,121,False,16,49,-11.024085998535156,0
95,9110810,383,383,False,17,27,-9.417078971862793,0
95,196664003,384,384,False,18,44,-10.67634391784668,0
95,45341480,399,399,False,19,42,-10.500585556030273,0
95,1215116,302,302,False,20,48,-11.020206451416016,1
95,12409683,466,466,False,21,3,-5.647683143615723,0
95,10300000,509,509,False,22,36,-10.169651985168457,0
95,4961038,409,409,False,23,30,-9.515738487243652,0
95,1805641,629,512,True,24,5,-6.148619174957275,0
95,5735492,541,512,True,25,45,-10.739339828491211,0
95,36089763,262,262,False,26,23,-9.227177619934082,0
95,8373753,512,512,False,27,32,-9.90346908569336,0
95,92308,337,337,False,28,47,-10.828816413879395,0
95,11441172,339,339,False,29,7,-6.508515357971191,0
95,6503185,237,237,False,30,12,-7.853347301483154,0
95,463309,264,264,False,31,35,-10.157573699951172,0
95,2264455,284,284,False,32,28,-9.440218925476074,0
95,13580614,179,179,False,33,46,-10.826362609863281,0
95,2541699,443,443,False,34,40,-10.325729370117188,0
95,18153456,268,268,False,35,37,-10.17381763458252,0
95,83667891,295,295,False,36,41,-10.357175827026367,0
95,13948920,335,335,False,37,25,-9.309101104736328,0
95,26720366,441,441,False,38,38,-10.277969360351562,0
95,1349033,308,308,False,39,34,-10.097816467285156,0
95,26461066,608,512,True,40,22,-9.142776489257812,0
95,24044977,233,233,False,41,33,-10.047852516174316,0
95,2526777,219,219,False,42,24,-9.242756843566895,0
95,2042250,206,206,False,43,8,-6.8134074211120605,0
95,20428155,298,298,False,44,13,-7.931587219238281,0
95,43165768,299,299,False,45,29,-9.45033073425293,0
95,15968271,362,362,False,46,50,-11.149226188659668,0
95,3929361,441,441,False,47,14,-8.309738159179688,0
95,10617916,413,413,False,48,4,-5.931899070739746,0
95,9955779,293,293,False,49,43,-10.505270004272461,0
95,7386360,434,434,False,50,39,-10.296416282653809,0
1136,33370,480,480,False,1,1,5.786252498626709,1
1136,470625,342,342,False,2,18,-0.7832903861999512,0
1136,9486930,478,478,False,3,11,-0.2218949794769287,0
1136,5123516,211,211,False,4,2,3.867164373397827,0
1136,12685434,413,413,False,5,6,0.7772656679153442,0
1136,7028976,333,333,False,6,15,-0.613959550857544,0
1136,13244602,309,309,False,7,3,1.8948543071746826,0
1136,37686718,183,183,False,8,28,-2.090191602706909,0
1136,12948892,324,324,False,9,17,-0.7267716526985168,0
1136,7898952,278,278,False,10,9,0.2502310872077942,0
1136,9737083,245,245,False,11,26,-2.006009578704834,0
1136,6517763,497,497,False,12,44,-4.068098545074463,0
1136,11578459,392,392,False,13,32,-2.4473421573638916,0
1136,1836154,313,313,False,14,36,-3.080787181854248,0
1136,22901758,324,324,False,15,23,-1.6816591024398804,0
1136,18600579,301,301,False,16,39,-3.337100028991699,0
1136,14180565,384,384,False,17,22,-1.2806341648101807,0
1136,6948886,364,364,False,18,19,-0.8545605540275574,0
1136,40710501,484,484,False,19,10,-0.04461025074124336,0
1136,4979184,339,339,False,20,7,0.3389756977558136,0
1136,6363093,489,489,False,21,16,-0.7230818271636963,0
1136,5991309,231,231,False,22,13,-0.5122562646865845,0
1136,16364639,276,276,False,23,27,-2.0139541625976562,0
1136,15570691,424,424,False,24,8,0.29188236594200134,0
1136,41340212,488,488,False,25,14,-0.5863329768180847,0
1136,13235609,256,256,False,26,5,0.9869125485420227,0
1136,2360905,407,407,False,27,43,-4.0351152420043945,0
1136,41293601,245,245,False,28,31,-2.4169859886169434,0
1136,21692235,254,254,False,29,45,-4.103815078735352,0
1136,51706771,326,326,False,30,34,-2.7203369140625,0
1136,14482051,501,501,False,31,20,-1.1188955307006836,0
1136,33638477,358,358,False,32,29,-2.2856526374816895,0
1136,4312169,500,500,False,33,24,-1.793436884880066,0
1136,1782201,359,359,False,34,25,-1.940276026725769,0
1136,38808600,530,512,True,35,12,-0.2839246690273285,0
1136,5956380,289,289,False,36,47,-4.690629005432129,0
1136,67787658,364,364,False,37,35,-2.8354969024658203,0
1136,38355793,347,347,False,38,4,1.034989833831787,0
1136,24282306,159,159,False,39,48,-5.233727931976318,0
1136,25513319,408,408,False,40,42,-4.015089988708496,0
1136,40963697,273,273,False,41,41,-3.9060416221618652,0
1136,14819804,377,377,False,42,49,-5.601347923278809,0
1136,11968641,298,298,False,43,37,-3.203894853591919,0
1136,13329980,427,427,False,44,38,-3.2428812980651855,0
1136,195689757,269,269,False,45,33,-2.618663787841797,0
1136,14706752,274,274,False,46,21,-1.2067642211914062,0
1136,14241418,527,512,True,47,40,-3.57783579826355,0
1136,25050969,408,408,False,48,46,-4.122386455535889,0
1136,12705056,230,230,False,49,30,-2.3058931827545166,0
1136,831167,298,298,False,50,50,-6.928199291229248,0
160,52874170,664,512,True,1,1,2.821164131164551,1
160,23816832,326,326,False,2,2,1.4945671558380127,0
160,27866735,578,512,True,3,9,-3.489262580871582,0
160,3078080,530,512,True,4,3,0.996406078338623,0
160,9604301,641,512,True,5,4,-1.660977840423584,0
160,45449835,364,364,False,6,10,-3.734571695327759,0
160,8227227,217,217,False,7,24,-5.971352577209473,0
160,21644993,379,379,False,8,23,-5.9409990310668945,0
160,30492966,444,444,False,9,11,-3.848886013031006,0
160,12122482,386,386,False,10,17,-5.352930545806885,0
160,39285547,265,265,False,11,12,-4.209798812866211,0
160,20471181,330,330,False,12,7,-3.2783873081207275,0
160,13322804,393,393,False,13,35,-7.487760543823242,0
160,27138601,411,411,False,14,16,-5.333110809326172,0
160,654735,403,403,False,15,6,-2.123598337173462,0
160,6173523,501,501,False,16,5,-1.7547986507415771,0
160,18574146,365,365,False,17,33,-6.9175567626953125,0
160,25677651,459,459,False,18,18,-5.442086696624756,0
160,35321950,310,310,False,19,19,-5.520350456237793,0
160,5735492,549,512,True,20,27,-6.280663967132568,0
160,10831818,394,394,False,21,46,-8.996916770935059,0
160,350542,521,512,True,22,30,-6.448105812072754,0
160,35085326,530,512,True,23,31,-6.671036720275879,0
160,16737163,438,438,False,24,29,-6.443583965301514,0
160,5260382,316,316,False,25,22,-5.887800693511963,0
160,40754510,193,193,False,26,44,-8.909130096435547,0
160,46602807,292,292,False,27,37,-7.986354827880859,0
160,8892905,445,445,False,28,25,-6.01007604598999,0
160,32454714,367,367,False,29,39,-8.152297973632812,0
160,17682477,521,512,True,30,20,-5.549461841583252,0
160,2488880,478,478,False,31,42,-8.5383882522583,0
160,188911,444,444,False,32,21,-5.603884220123291,0
160,25079962,676,512,True,33,40,-8.161229133605957,0
160,14408200,701,512,True,34,14,-4.81321907043457,0
160,23262027,197,197,False,35,43,-8.752660751342773,0
160,9997636,338,338,False,36,26,-6.042379379272461,0
160,8398627,370,370,False,37,36,-7.960257530212402,0
160,13878124,270,270,False,38,50,-10.14348030090332,0
160,34258065,129,129,False,39,32,-6.904270172119141,0
160,22153455,431,431,False,40,8,-3.4205470085144043,0
160,10207180,576,512,True,41,15,-5.284132480621338,0
160,44586415,316,316,False,42,49,-9.73733901977539,0
160,11868606,298,298,False,43,34,-6.951455593109131,0
160,5132358,451,451,False,44,47,-9.268401145935059,0
160,13870943,223,223,False,45,48,-9.487060546875,0
160,7735859,465,465,False,46,13,-4.62687873840332,0
160,45336190,468,468,False,47,38,-7.9958343505859375,0
160,25878014,349,349,False,48,45,-8.994277954101562,0
160,22159299,441,441,False,49,41,-8.398575782775879,0
160,45401535,468,468,False,50,28,-6.303040504455566,0
717,17587795,294,294,False,1,2,-1.1797339916229248,1
717,175735,358,358,False,2,13,-4.466612815856934,0
717,18895793,627,512,True,3,14,-4.5560994148254395,0
717,7808055,356,356,False,4,3,-2.2117538452148438,0
717,3230361,405,405,False,5,21,-5.701577663421631,0
717,18694784,320,320,False,6,20,-5.697342395782471,0
717,15778034,348,348,False,7,30,-6.842654705047607,0
717,4679264,418,418,False,8,5,-3.3328967094421387,0
717,34034749,205,205,False,9,43,-8.123420715332031,0
717,21380232,323,323,False,10,8,-4.069314956665039,0
717,25254425,374,374,False,11,25,-6.149991035461426,0
717,28809022,353,353,False,12,41,-7.738003730773926,0
717,4305576,242,242,False,13,16,-5.235393524169922,0
717,22038539,310,310,False,14,1,-0.9721673727035522,0
717,9291668,348,348,False,15,19,-5.626103401184082,0
717,9451052,379,379,False,16,38,-7.561018943786621,0
717,5966635,302,302,False,17,48,-9.088179588317871,0
717,7488455,309,309,False,18,47,-8.617414474487305,0
717,7988832,380,380,False,19,11,-4.395232677459717,0
717,38076716,255,255,False,20,18,-5.414152145385742,0
717,17518195,360,360,False,21,32,-6.893032073974609,0
717,42387637,496,496,False,22,4,-2.620722770690918,0
717,6536598,298,298,False,23,26,-6.492578506469727,0
717,39801095,269,269,False,24,35,-7.187321186065674,0
717,13790144,157,157,False,25,46,-8.53386116027832,0
717,11532659,298,298,False,26,45,-8.438423156738281,0
717,1780819,567,512,True,27,9,-4.096287727355957,0
717,4455466,523,512,True,28,6,-3.841916084289551,0
717,11935250,386,386,False,29,10,-4.252552032470703,0
717,5579368,268,268,False,30,27,-6.567155838012695,0
717,29190724,321,321,False,31,17,-5.3068928718566895,0
717,45143088,358,358,False,32,24,-6.0767083168029785,0
717,11011905,277,277,False,33,49,-9.694677352905273,0
717,9889151,305,305,False,34,42,-7.892522811889648,0
717,1259280,279,279,False,35,40,-7.672886848449707,0
717,13906892,221,221,False,36,44,-8.153899192810059,0
717,3098821,218,218,False,37,39,-7.646722793579102,0
717,13955536,271,271,False,38,22,-5.7420334815979,0
717,8502193,246,246,False,39,33,-6.930716037750244,0
717,8331432,294,294,False,40,50,-9.730597496032715,0
717,3346812,186,186,False,41,34,-7.056708335876465,0
717,23208167,287,287,False,42,7,-3.8762025833129883,0
717,3514072,334,334,False,43,37,-7.512172698974609,0
717,14658685,215,215,False,44,36,-7.2698564529418945,0
717,29788648,366,366,False,45,12,-4.415621280670166,0
717,18074797,617,512,True,46,31,-6.871765613555908,0
717,4910408,542,512,True,47,29,-6.578691482543945,0
717,43156471,330,330,False,48,28,-6.569691181182861,0
717,13230773,552,512,True,49,15,-4.988712310791016,0
717,18358026,245,245,False,50,23,-5.890236854553223,0
638,31019903,114,114,False,1,3,-2.7793426513671875,0
638,25649714,261,261,False,2,2,-2.5108046531677246,1
638,6129301,303,303,False,3,1,-0.8666602373123169,0
638,20334484,257,257,False,4,6,-4.792840003967285,0
638,33135135,137,137,False,5,7,-5.573368072509766,0
638,24318630,301,301,False,6,13,-7.781248092651367,0
638,154243324,226,226,False,7,4,-3.2076499462127686,0
638,20491205,155,155,False,8,21,-8.901034355163574,0
638,45548062,403,403,False,9,22,-9.395631790161133,0
638,73473433,340,340,False,10,5,-4.699540138244629,0
638,35022568,200,200,False,11,34,-10.474556922912598,0
638,58564850,323,323,False,12,16,-8.282201766967773,0
638,42185082,215,215,False,13,45,-10.992566108703613,0
638,19071857,384,384,False,14,17,-8.381966590881348,0
638,34227917,379,379,False,15,40,-10.670358657836914,0
638,1642727,540,512,True,16,9,-6.2976975440979,0
638,485020,239,239,False,17,32,-10.29821491241455,0
638,15670968,275,275,False,18,42,-10.79623794555664,0
638,8002529,385,385,False,19,20,-8.886444091796875,0
638,6490571,475,475,False,20,18,-8.743892669677734,0
638,10893238,435,435,False,21,12,-7.567030429840088,0
638,43855756,305,305,False,22,44,-10.965433120727539,0
638,17693849,532,512,True,23,15,-8.251649856567383,0
638,14843502,394,394,False,24,33,-10.42415714263916,0
638,24988745,368,368,False,25,39,-10.66946792602539,0
638,28806780,261,261,False,26,46,-11.04213809967041,0
638,13515165,476,476,False,27,24,-9.408390045166016,0
638,13083189,820,512,True,28,25,-9.560997009277344,0
638,21957231,348,348,False,29,47,-11.131231307983398,0
638,40666943,392,392,False,30,43,-10.937398910522461,0
638,19945096,475,475,False,31,35,-10.485187530517578,0
638,31612088,368,368,False,32,8,-6.145450115203857,0
638,13914633,536,512,True,33,36,-10.511770248413086,0
638,29845974,416,416,False,34,14,-8.21133804321289,0
638,16204011,474,474,False,35,29,-10.225887298583984,0
638,31495049,232,232,False,36,26,-9.729825019836426,0
638,4506702,741,512,True,37,27,-9.94711971282959,0
638,15968271,362,362,False,38,38,-10.623226165771484,0
638,42278130,259,259,False,39,37,-10.622217178344727,0
638,18872233,477,477,False,40,11,-7.233345031738281,0
638,24276304,661,512,True,41,41,-10.74697494506836,0
638,38799797,460,460,False,42,10,-6.624910354614258,0
638,6517267,565,512,True,43,19,-8.858530044555664,0
638,12087063,152,152,False,44,50,-11.333992958068848,0
638,10854174,414,414,False,45,30,-10.225906372070312,0
638,16625620,189,189,False,46,28,-10.120281219482422,0
638,144555102,273,273,False,47,49,-11.286886215209961,0
638,26199970,513,512,True,48,23,-9.396178245544434,0
638,154763124,307,307,False,49,48,-11.26298713684082,0
638,1338283,378,378,False,50,31,-10.276905059814453,0
64,30122260,218,218,False,1,1,4.045931816101074,0
64,5572127,414,414,False,2,4,2.6909983158111572,0
64,12909503,388,388,False,3,2,3.992356538772583,0
64,30353437,206,206,False,4,9,-0.2484320104122162,0
64,21295300,303,303,False,5,3,3.410475969314575,0
64,38131471,385,385,False,6,22,-3.5434951782226562,0
64,14178995,303,303,False,7,5,2.316132068634033,0
64,16644043,232,232,False,8,6,1.3543829917907715,0
64,13106686,302,302,False,9,14,-1.5885183811187744,0
64,4401289,300,300,False,10,23,-3.5795180797576904,0
64,213017,328,328,False,11,10,-0.392625093460083,0
64,3113630,373,373,False,12,20,-3.290733814239502,0
64,7151961,237,237,False,13,8,-0.21104834973812103,0
64,14332945,262,262,False,14,12,-0.7602306604385376,0
64,10145528,439,439,False,15,18,-2.899390697479248,0
64,34747208,179,179,False,16,37,-5.230761528015137,0
64,20231138,295,295,False,17,34,-4.583408355712891,0
64,28697248,245,245,False,18,13,-1.2818025350570679,0
64,15305881,260,260,False,19,41,-5.5731940269470215,0
64,16630060,245,245,False,20,31,-4.381010055541992,0
64,36831892,191,191,False,21,38,-5.28842830657959,0
64,42267740,353,353,False,22,7,-0.04689203202724457,0
64,19356271,225,225,False,23,49,-7.627038955688477,0
64,15600979,492,492,False,24,11,-0.3929544985294342,0
64,43602749,223,223,False,25,26,-3.879009246826172,0
64,12643937,242,242,False,26,30,-4.314641952514648,0
64,27635177,314,314,False,27,35,-5.021050453186035,0
64,13791206,281,281,False,28,47,-7.107924938201904,0
64,4418582,307,307,False,29,27,-4.024076461791992,0
64,6710699,282,282,False,30,33,-4.422192096710205,0
64,10704438,344,344,False,31,36,-5.031835556030273,0
64,43880096,304,304,False,32,43,-6.001777172088623,0
64,4444861,290,290,False,33,25,-3.6960272789001465,0
64,13907427,294,294,False,34,17,-2.8530993461608887,0
64,2701077,267,267,False,35,48,-7.339797019958496,0
64,18358026,240,240,False,36,29,-4.121096611022949,0
64,25838286,488,488,False,37,28,-4.069530487060547,0
64,11568270,206,206,False,38,16,-2.7883920669555664,0
64,5765455,370,370,False,39,45,-6.62398624420166,0
64,28904104,231,231,False,40,50,-8.504621505737305,0
64,15659108,312,312,False,41,24,-3.64479398727417,0
64,24144677,340,340,False,42,44,-6.065451622009277,0
64,44693226,318,318,False,43,40,-5.547703266143799,0
64,19165076,245,245,False,44,42,-5.631341457366943,0
64,52944377,283,283,False,45,19,-3.203671932220459,0
64,36623997,257,257,False,46,46,-6.953579902648926,0
64,19688024,246,246,False,47,15,-2.6550416946411133,0
64,12207340,314,314,False,48,39,-5.398026466369629,0
64,39225849,418,418,False,49,21,-3.3024559020996094,0
64,10874408,403,403,False,50,32,-4.404971599578857,0
990,16472469,300,300,False,1,1,6.781543254852295,1
990,4899981,310,310,False,2,5,-2.63401460647583,0
990,2679511,385,385,False,3,8,-3.7879552841186523,0
990,4319844,326,326,False,4,22,-5.505214691162109,0
990,7915836,295,295,False,5,14,-4.598264694213867,0
990,4926049,343,343,False,6,6,-2.7477195262908936,0
990,4444861,296,296,False,7,2,1.0006822347640991,0
990,16465895,308,308,False,8,40,-7.764714241027832,0
990,2758012,307,307,False,9,18,-4.978625774383545,0
990,213017,334,334,False,10,11,-4.189759254455566,0
990,18639989,439,439,False,11,26,-5.959052085876465,0
990,7468449,363,363,False,12,37,-7.530982971191406,0
990,4411655,267,267,False,13,20,-5.029646396636963,0
990,12156187,264,264,False,14,21,-5.398648262023926,0
990,4401289,306,306,False,15,43,-8.427846908569336,0
990,16644043,238,238,False,16,42,-8.161737442016602,0
990,1226452,310,310,False,17,30,-6.466625690460205,0
990,7848113,311,311,False,18,32,-6.535074234008789,0
990,19255949,310,310,False,19,10,-4.1034440994262695,0
990,20280410,327,327,False,20,12,-4.427857875823975,0
990,23036207,379,379,False,21,17,-4.717093467712402,0
990,24351680,234,234,False,22,46,-9.135807037353516,0
990,15913433,229,229,False,23,13,-4.4758172035217285,0
990,18263406,210,210,False,24,35,-7.064076900482178,0
990,143251,406,406,False,25,19,-4.979529857635498,0
990,15600979,498,498,False,26,9,-3.9385852813720703,0
990,10326242,174,174,False,27,31,-6.491856575012207,0
990,14446279,301,301,False,28,15,-4.6432366371154785,0
990,26118532,598,512,True,29,4,-2.188663959503174,0
990,25842866,498,498,False,30,33,-6.667283058166504,0
990,5389523,277,277,False,31,27,-6.017679214477539,0
990,13791206,287,287,False,32,3,-0.20128415524959564,0
990,6812319,305,305,False,33,48,-9.241668701171875,0
990,27134931,179,179,False,34,50,-10.376904487609863,0
990,15121114,344,344,False,35,38,-7.5320892333984375,0
990,9559146,181,181,False,36,24,-5.815598487854004,0
990,11844791,336,336,False,37,36,-7.081481456756592,0
990,28230867,335,335,False,38,41,-8.155380249023438,0
990,15521377,1548,512,True,39,44,-8.640576362609863,0
990,39225849,424,424,False,40,7,-3.4895272254943848,0
990,36066871,235,235,False,41,45,-8.826908111572266,0
990,19822046,363,363,False,42,47,-9.195333480834961,0
990,25419778,581,512,True,43,16,-4.662594795227051,0
990,7944381,301,301,False,44,39,-7.5392584800720215,0
990,9555784,549,512,True,45,25,-5.873652935028076,0
990,39462488,155,155,False,46,23,-5.572611331939697,0
990,28271439,273,273,False,47,49,-9.471099853515625,0
990,30369606,344,344,False,48,34,-6.930621147155762,0
990,9394119,932,512,True,49,28,-6.281904220581055,0
990,25036988,274,274,False,50,29,-6.327908992767334,0
139,6807122,446,446,False,1,1,-1.7230043411254883,0
139,15678772,301,301,False,2,6,-4.389967918395996,0
139,37912677,315,315,False,3,11,-5.331189155578613,0
139,31293581,304,304,False,4,2,-3.176630973815918,0
139,13025574,311,311,False,5,25,-7.334018230438232,0
139,11569583,274,274,False,6,31,-8.153226852416992,0
139,14700857,376,376,False,7,8,-4.979669094085693,0
139,5649538,397,397,False,8,26,-7.389914035797119,0
139,6504953,249,249,False,9,32,-8.182500839233398,0
139,13889430,307,307,False,10,17,-6.245762825012207,0
139,25238950,388,388,False,11,27,-7.419908046722412,0
139,7986878,470,470,False,12,39,-8.926163673400879,0
139,22488511,408,408,False,13,10,-5.14918851852417,0
139,3944632,562,512,True,14,7,-4.936387062072754,0
139,3847200,303,303,False,15,24,-7.32503604888916,0
139,15832146,312,312,False,16,23,-7.288531303405762,0
139,31616203,440,440,False,17,4,-3.8273181915283203,0
139,23599024,376,376,False,18,33,-8.253036499023438,0
139,275294,408,408,False,19,40,-8.962495803833008,0
139,1649738,197,197,False,20,22,-7.244409561157227,0
139,43122426,383,383,False,21,29,-7.99798059463501,0
139,6751418,599,512,True,22,9,-5.041565418243408,0
139,24640046,608,512,True,23,3,-3.793672561645508,0
139,4468861,431,431,False,24,14,-5.701150894165039,0
139,19882228,129,129,False,25,37,-8.640910148620605,0
139,35314705,520,512,True,26,5,-4.06594705581665,0
139,25853741,245,245,False,27,20,-7.165912628173828,0
139,37480103,532,512,True,28,16,-6.160317420959473,0
139,2015126,167,167,False,29,50,-10.902265548706055,0
139,13223957,610,512,True,30,18,-7.026360511779785,0
139,49556906,335,335,False,31,28,-7.541634559631348,0
139,27264454,549,512,True,32,34,-8.383039474487305,0
139,25028913,635,512,True,33,15,-5.754443168640137,0
139,12991445,558,512,True,34,12,-5.436875343322754,0
139,72180760,211,211,False,35,36,-8.494356155395508,0
139,13007205,657,512,True,36,30,-8.150384902954102,0
139,38793927,430,430,False,37,38,-8.649759292602539,0
139,26067999,1960,512,True,38,35,-8.384819984436035,0
139,2762601,134,134,False,39,48,-10.627294540405273,0
139,11335781,255,255,False,40,45,-9.905851364135742,0
139,1387104,617,512,True,41,21,-7.209356307983398,0
139,13519661,382,382,False,42,46,-10.23845100402832,0
139,13106686,307,307,False,43,41,-9.152591705322266,0
139,24159217,672,512,True,44,43,-9.69465160369873,0
139,16732790,481,481,False,45,49,-10.858627319335938,0
139,41900731,285,285,False,46,47,-10.315122604370117,0
139,20333864,194,194,False,47,44,-9.708711624145508,0
139,1710116,237,237,False,48,19,-7.1218180656433105,0
139,31363207,485,485,False,49,42,-9.24538803100586,0
139,9745001,482,482,False,50,13,-5.437936782836914,0
817,35467590,229,229,False,1,5,-6.425015926361084,0
817,17814815,237,237,False,2,15,-8.26472282409668,1
817,25789730,392,392,False,3,27,-9.206204414367676,0
817,2601324,353,353,False,4,6,-6.486476421356201,0
817,31154082,349,349,False,5,3,-6.301323890686035,0
817,47240151,260,260,False,6,9,-7.1110920906066895,0
817,19238,391,391,False,7,4,-6.36551570892334,0
817,7039855,308,308,False,8,13,-8.049596786499023,0
817,3788528,236,236,False,9,12,-8.04461669921875,0
817,15493354,167,167,False,10,41,-10.609576225280762,0
817,16562534,366,366,False,11,21,-8.837956428527832,0
817,8396189,343,343,False,12,1,-5.435562610626221,0
817,38300781,177,177,False,13,8,-6.8699140548706055,0
817,13794374,342,342,False,14,16,-8.277828216552734,0
817,2947540,224,224,False,15,11,-7.993414878845215,0
817,18678095,263,263,False,16,47,-10.98427963256836,0
817,17934082,255,255,False,17,2,-5.89155912399292,0
817,16905344,412,412,False,18,35,-9.883597373962402,0
817,27731651,247,247,False,19,30,-9.701735496520996,0
817,9580772,224,224,False,20,34,-9.823565483093262,0
817,6386930,322,322,False,21,18,-8.419248580932617,0
817,45487164,201,201,False,22,36,-9.99601936340332,0
817,20743803,255,255,False,23,46,-10.832221031188965,0
817,19204979,307,307,False,24,28,-9.489742279052734,0
817,30543439,296,296,False,25,33,-9.788558959960938,0
817,17101262,349,349,False,26,44,-10.708271980285645,0
817,45166582,242,242,False,27,23,-8.957357406616211,0
817,7482674,306,306,False,28,31,-9.76118278503418,0
817,11742219,375,375,False,29,37,-10.115641593933105,0
817,4427060,325,325,False,30,39,-10.57803726196289,0
817,17991818,303,303,False,31,43,-10.682989120483398,0
817,38037690,304,304,False,32,40,-10.587431907653809,0
817,14753395,243,243,False,33,32,-9.764952659606934,0
817,2825380,313,313,False,34,20,-8.722838401794434,0
817,13921526,357,357,False,35,29,-9.540313720703125,0
817,12411274,310,310,False,36,24,-9.005502700805664,0
817,9283422,288,288,False,37,17,-8.280065536499023,0
817,13573143,374,374,False,38,19,-8.590770721435547,0
817,4399268,226,226,False,39,49,-11.126834869384766,0
817,22682497,322,322,False,40,42,-10.613912582397461,0
817,11557602,428,428,False,41,25,-9.133401870727539,0
817,803312,251,251,False,42,50,-11.150245666503906,0
817,26283293,245,245,False,43,7,-6.620757579803467,0
817,41644178,273,273,False,44,48,-11.113551139831543,0
817,4340509,204,204,False,45,38,-10.529651641845703,0
817,20943272,396,396,False,46,22,-8.887764930725098,0
817,4300851,256,256,False,47,45,-10.82669448852539,0
817,22647695,181,181,False,48,26,-9.18774700164795,0
817,6190603,207,207,False,49,14,-8.16986083984375,0
817,33569870,383,383,False,50,10,-7.722754001617432,0
1401,5185871,824,512,True,1,1,2.0860610008239746,1
1401,3878434,388,388,False,2,2,1.2573730945587158,0
1401,26314743,487,487,False,3,3,0.6492090225219727,0
1401,20746604,560,512,True,4,7,-1.6029409170150757,0
1401,39059143,703,512,True,5,5,-0.6189143061637878,0
1401,27054878,460,460,False,6,8,-2.51997971534729,0
1401,26611094,377,377,False,7,12,-3.697086811065674,0
1401,20606520,475,475,False,8,9,-3.0600738525390625,0
1401,10577574,336,336,False,9,30,-6.830130100250244,0
1401,19464037,533,512,True,10,13,-4.052484512329102,0
1401,40905302,433,433,False,11,17,-5.029016971588135,0
1401,28894097,553,512,True,12,14,-4.152336120605469,0
1401,8190282,489,489,False,13,15,-4.448795795440674,0
1401,5596332,642,512,True,14,20,-5.761288166046143,0
1401,14021596,388,388,False,15,6,-1.0440526008605957,0
1401,20473074,396,396,False,16,32,-7.077540874481201,0
1401,13282296,701,512,True,17,28,-6.756526947021484,0
1401,40867854,493,493,False,18,19,-5.68821382522583,0
1401,34208005,657,512,True,19,4,-0.41371506452560425,0
1401,34873974,730,512,True,20,11,-3.6546218395233154,0
1401,3552753,459,459,False,21,36,-7.639745712280273,0
1401,21048969,410,410,False,22,47,-9.388326644897461,0
1401,24906548,341,341,False,23,21,-5.792256832122803,0
1401,14361849,571,512,True,24,22,-5.971234321594238,0
1401,9658390,315,315,False,25,48,-9.578044891357422,0
1401,17693849,531,512,True,26,38,-7.950362205505371,0
1401,11624482,527,512,True,27,45,-9.291826248168945,0
1401,11718220,532,512,True,28,43,-8.624757766723633,0
1401,25837950,384,384,False,29,41,-8.120620727539062,0
1401,6421734,464,464,False,30,31,-7.045344352722168,0
1401,2820454,430,430,False,31,29,-6.80354118347168,0
1401,16390264,538,512,True,32,25,-6.468440055847168,0
1401,43483151,246,246,False,33,34,-7.318777084350586,0
1401,20554003,302,302,False,34,37,-7.647853374481201,0
1401,15194125,430,430,False,35,39,-7.962429046630859,0
1401,40817021,504,504,False,36,42,-8.33035945892334,0
1401,38735355,575,512,True,37,16,-5.010608673095703,0
1401,13179318,296,296,False,38,50,-10.988787651062012,0
1401,26107000,429,429,False,39,27,-6.680377960205078,0
1401,195317463,427,427,False,40,33,-7.092413902282715,0
1401,9047718,302,302,False,41,18,-5.0640363693237305,0
1401,24770122,317,317,False,42,46,-9.332656860351562,0
1401,947631,528,512,True,43,10,-3.51608943939209,0
1401,21323587,241,241,False,44,44,-9.291608810424805,0
1401,5691302,934,512,True,45,23,-6.192821025848389,0
1401,20887554,521,512,True,46,35,-7.620390892028809,0
1401,6525844,448,448,False,47,49,-10.165780067443848,0
1401,44048701,776,512,True,48,40,-8.097505569458008,0
1401,45341480,398,398,False,49,26,-6.474600315093994,0
1401,27466734,718,512,True,50,24,-6.349735260009766,0
978,25726838,394,394,False,1,1,2.012693405151367,0
978,19130782,323,323,False,2,22,-3.072568893432617,0
978,8702697,433,433,False,3,7,-1.3400723934173584,0
978,24282306,157,157,False,4,30,-3.8829917907714844,0
978,17223891,223,223,False,5,12,-2.1340854167938232,0
978,219475,323,323,False,6,14,-2.3750123977661133,0
978,13231899,390,390,False,7,25,-3.315584897994995,0
978,13070316,575,512,True,8,8,-1.6494200229644775,0
978,13636631,167,167,False,9,45,-6.719599723815918,0
978,52925737,448,448,False,10,21,-2.9257850646972656,0
978,7975937,277,277,False,11,16,-2.683467149734497,0
978,195683603,255,255,False,12,23,-3.179328680038452,0
978,16863359,374,374,False,13,31,-3.998875379562378,0
978,2844490,356,356,False,14,13,-2.306518077850342,0
978,878526,351,351,False,15,18,-2.7749974727630615,0
978,6944800,228,228,False,16,28,-3.5320887565612793,0
978,10359591,341,341,False,17,3,-0.22641174495220184,0
978,16550075,256,256,False,18,26,-3.4581642150878906,0
978,164985,344,344,False,19,37,-5.019956588745117,0
978,2405259,425,425,False,20,42,-5.833876132965088,0
978,20610557,454,454,False,21,19,-2.89561128616333,0
978,14768471,369,369,False,22,15,-2.493546962738037,0
978,4429118,195,195,False,23,9,-1.7547295093536377,0
978,25315295,345,345,False,24,5,-0.8086657524108887,0
978,29509926,313,313,False,25,34,-4.728725433349609,0
978,1022115,393,393,False,26,41,-5.707271575927734,0
978,21382907,396,396,False,27,6,-0.8839832544326782,0
978,9226649,279,279,False,28,32,-4.158276557922363,0
978,3475317,276,276,False,29,43,-6.624211311340332,0
978,6397191,453,453,False,30,24,-3.1992411613464355,0
978,18841257,288,288,False,31,44,-6.688470363616943,0
978,18882947,456,456,False,32,11,-2.0494816303253174,0
978,17412260,298,298,False,33,20,-2.921158790588379,0
978,21439640,526,512,True,34,40,-5.557847499847412,0
978,14615911,281,281,False,35,48,-7.293379783630371,0
978,13011249,230,230,False,36,4,-0.4427493214607239,0
978,10029891,223,223,False,37,27,-3.5253372192382812,0
978,16488405,289,289,False,38,2,0.31844377517700195,0
978,7046487,152,152,False,39,38,-5.092738151550293,0
978,120626,163,163,False,40,35,-4.873805999755859,0
978,20460020,303,303,False,41,36,-4.923871040344238,0
978,5836,415,415,False,42,10,-1.7744250297546387,0
978,20722510,198,198,False,43,33,-4.588663101196289,0
978,381602,370,370,False,44,47,-7.261754035949707,0
978,12705056,228,228,False,45,29,-3.561924457550049,0
978,5386514,378,378,False,46,50,-7.88809871673584,0
978,343052,455,455,False,47,49,-7.424816131591797,0
978,11328820,492,492,False,48,17,-2.697676181793213,0
978,4454788,191,191,False,49,46,-6.820198059082031,0
978,6144969,411,411,False,50,39,-5.345978736877441,0
156,37549932,222,222,False,1,1,5.63334846496582,1
156,34436231,197,197,False,2,10,2.8005101680755615,0
156,34439544,856,512,True,3,2,4.734076499938965,0
156,4323425,353,353,False,4,5,3.3836829662323,0
156,16550075,259,259,False,5,28,-1.1146247386932373,0
156,22890091,397,397,False,6,7,3.1577091217041016,0
156,8496132,498,498,False,7,4,3.7534332275390625,0
156,11900630,495,495,False,8,3,4.007485389709473,0
156,30580263,493,493,False,9,19,0.7089343070983887,0
156,39381118,216,216,False,10,8,2.855674982070923,0
156,29689140,323,323,False,11,13,1.3832019567489624,0
156,2762601,131,131,False,12,49,-5.360527992248535,0
156,28006126,315,315,False,13,39,-3.0748658180236816,0
156,6121555,407,407,False,14,15,0.8647114038467407,0
156,3730196,299,299,False,15,12,1.4948705434799194,0
156,6532806,144,144,False,16,48,-5.211965560913086,0
156,9197092,291,291,False,17,11,2.7126028537750244,0
156,20738970,524,512,True,18,25,-0.5022199153900146,0
156,39424916,465,465,False,19,9,2.854210615158081,0
156,22843616,251,251,False,20,32,-1.8111705780029297,0
156,19979816,225,225,False,21,26,-0.6990197896957397,0
156,33638477,359,359,False,22,14,1.12596595287323,0
156,18987782,457,457,False,23,37,-2.55916166305542,0
156,28334217,431,431,False,24,43,-4.262674331665039,0
156,3805841,315,315,False,25,30,-1.6846868991851807,0
156,57783564,453,453,False,26,27,-1.0712193250656128,0
156,25300426,283,283,False,27,42,-3.796091079711914,0
156,25677651,452,452,False,28,24,-0.3237200379371643,0
156,31882215,335,335,False,29,31,-1.685272455215454,0
156,7370282,338,338,False,30,22,-0.09361502528190613,0
156,18998807,270,270,False,31,35,-2.3943376541137695,0
156,8654183,589,512,True,32,23,-0.12305660545825958,0
156,23848916,517,512,True,33,41,-3.6330769062042236,0
156,11255504,270,270,False,34,38,-2.8576464653015137,0
156,7465900,524,512,True,35,20,0.6081041097640991,0
156,30224907,269,269,False,36,18,0.7519424557685852,0
156,14863011,298,298,False,37,34,-2.2242116928100586,0
156,9955779,294,294,False,38,46,-5.010384559631348,0
156,10218447,573,512,True,39,6,3.26399302482605,0
156,45414636,226,226,False,40,33,-2.1489291191101074,0
156,4920376,239,239,False,41,47,-5.0743865966796875,0
156,35962023,342,342,False,42,16,0.8343294858932495,0
156,10976596,190,190,False,43,50,-6.521958351135254,0
156,16745747,384,384,False,44,29,-1.243798851966858,0
156,15563864,477,477,False,45,36,-2.45908522605896,0
156,3840043,284,284,False,46,17,0.796302855014801,0
156,23887844,265,265,False,47,21,0.041037075221538544,0
156,19358586,336,336,False,48,40,-3.327218532562256,0
156,30379039,141,141,False,49,44,-4.556354522705078,0
156,26071782,339,339,False,50,45,-4.970170974731445,0
779,13001323,252,252,False,1,1,8.900178909301758,1
779,2481032,432,432,False,2,2,5.88028621673584,0
779,5108807,231,231,False,3,13,1.907130479812622,0
779,1907601,254,254,False,4,9,2.4181699752807617,0
779,9513785,407,407,False,5,18,1.1549081802368164,0
779,23601616,600,512,True,6,11,2.355339527130127,0
779,14116046,312,312,False,7,14,1.7665276527404785,0
779,6171953,322,322,False,8,24,0.33508235216140747,0
779,6042706,414,414,False,9,25,0.19690704345703125,0
779,43192375,350,350,False,10,3,3.862929105758667,0
779,28937856,265,265,False,11,37,-1.5628676414489746,0
779,52805891,468,468,False,12,5,3.4606356620788574,0
779,10889845,386,386,False,13,12,2.231144428253174,0
779,40090058,338,338,False,14,6,3.434950351715088,0
779,195352,231,231,False,15,39,-2.0257415771484375,0
779,10463997,454,454,False,16,16,1.5243979692459106,0
779,3621011,308,308,False,17,28,-0.07930456101894379,0
779,6227220,289,289,False,18,4,3.756875514984131,0
779,15535511,234,234,False,19,22,0.8105963468551636,0
779,31001322,358,358,False,20,7,2.9868502616882324,0
779,5268462,331,331,False,21,44,-2.837226390838623,0
779,120626,175,175,False,22,31,-0.7362339496612549,0
779,18450716,407,407,False,23,8,2.6592884063720703,0
779,5389095,297,297,False,24,17,1.4213321208953857,0
779,33918970,376,376,False,25,41,-2.088681221008301,0
779,15491308,337,337,False,26,48,-3.4272427558898926,0
779,13944805,555,512,True,27,46,-2.872509717941284,0
779,1365188,401,401,False,28,26,0.005598515272140503,0
779,17150648,257,257,False,29,40,-2.037752866744995,0
779,41120293,168,168,False,30,43,-2.506524085998535,0
779,11481946,170,170,False,31,45,-2.8475074768066406,0
779,27686445,425,425,False,32,49,-4.338097095489502,0
779,45154987,307,307,False,33,19,1.07696533203125,0
779,52865789,400,400,False,34,21,0.9291536211967468,0
779,38023457,253,253,False,35,29,-0.29430481791496277,0
779,11428884,347,347,False,36,47,-2.8859267234802246,0
779,597790,357,357,False,37,23,0.4678395390510559,0
779,10534299,285,285,False,38,36,-1.269459843635559,0
779,14198646,508,508,False,39,20,1.0445044040679932,0
779,5824955,265,265,False,40,38,-1.8051103353500366,0
779,38025907,534,512,True,41,32,-0.8463644981384277,0
779,32408470,314,314,False,42,30,-0.6776379346847534,0
779,6313547,282,282,False,43,35,-1.2584058046340942,0
779,22545779,153,153,False,44,42,-2.1405086517333984,0
779,12658073,504,504,False,45,10,2.4151082038879395,0
779,36838958,455,455,False,46,15,1.7302922010421753,0
779,23397658,397,397,False,47,34,-1.1731512546539307,0
779,23869951,534,512,True,48,27,-0.04760803282260895,0
779,22478394,574,512,True,49,50,-4.585171699523926,0
779,20829129,353,353,False,50,33,-0.9492887258529663,0
835,15928989,351,351,False,1,2,0.45639508962631226,1
835,6121668,463,463,False,2,4,-1.0369521379470825,0
835,16346504,356,356,False,3,5,-1.2200813293457031,0
835,30369606,341,341,False,4,22,-5.693696022033691,0
835,3210545,393,393,False,5,9,-3.6799957752227783,0
835,9239963,373,373,False,6,10,-3.7622926235198975,0
835,1780819,565,512,True,7,1,2.3318567276000977,0
835,18450716,399,399,False,8,3,-0.24691879749298096,0
835,21502234,365,365,False,9,30,-6.898797988891602,0
835,11271123,482,482,False,10,16,-4.870187282562256,0
835,2389574,496,496,False,11,26,-6.101192951202393,0
835,3896759,189,189,False,12,15,-4.803265571594238,0
835,8133180,358,358,False,13,7,-3.137164831161499,0
835,26121646,335,335,False,14,19,-5.311839580535889,0
835,24998637,465,465,False,15,17,-4.945599555969238,0
835,25263942,453,453,False,16,23,-5.819811820983887,0
835,45015767,727,512,True,17,25,-5.869418144226074,0
835,33507866,413,413,False,18,24,-5.836364269256592,0
835,25628793,486,486,False,19,12,-4.498315811157227,0
835,15836115,260,260,False,20,11,-4.484431266784668,0
835,25419778,578,512,True,21,42,-8.601588249206543,0
835,18467982,389,389,False,22,47,-9.591377258300781,0
835,11716783,361,361,False,23,13,-4.739773273468018,0
835,20725212,372,372,False,24,41,-8.529541969299316,0
835,18104691,406,406,False,25,50,-10.594993591308594,0
835,885056,317,317,False,26,27,-6.376728057861328,0
835,23577867,530,512,True,27,21,-5.677407264709473,0
835,16201748,380,380,False,28,32,-7.342395305633545,0
835,9185195,501,501,False,29,8,-3.253204107284546,0
835,25183830,127,127,False,30,38,-7.998939037322998,0
835,9550981,224,224,False,31,28,-6.485783576965332,0
835,20381484,408,408,False,32,44,-8.973321914672852,0
835,31851367,293,293,False,33,48,-9.630836486816406,0
835,25838286,491,491,False,34,34,-7.530927658081055,0
835,6259170,340,340,False,35,6,-2.072601318359375,0
835,42267740,356,356,False,36,43,-8.809364318847656,0
835,8771704,299,299,False,37,33,-7.4699177742004395,0
835,14827874,516,512,True,38,35,-7.871365547180176,0
835,41710132,277,277,False,39,49,-10.250346183776855,0
835,32720933,232,232,False,40,46,-9.496773719787598,0
835,1386103,256,256,False,41,40,-8.325300216674805,0
835,7487927,361,361,False,42,20,-5.497727870941162,0
835,11401602,314,314,False,43,37,-7.995715141296387,0
835,9559146,178,178,False,44,45,-9.023894309997559,0
835,5531479,270,270,False,45,36,-7.90869665145874,0
835,36618603,211,211,False,46,31,-7.163923263549805,0
835,12240507,414,414,False,47,29,-6.664323806762695,0
835,23100962,385,385,False,48,39,-8.226302146911621,0
835,10889845,378,378,False,49,14,-4.7736334800720215,0
835,1428840,845,512,True,50,18,-5.225062370300293,0
687,34747208,180,180,False,1,5,-2.980844020843506,0
687,4452659,309,309,False,2,3,-2.294600009918213,1
687,22544171,324,324,False,3,8,-5.293008804321289,0
687,25036988,269,269,False,4,1,-1.6001904010772705,0
687,14446279,296,296,False,5,4,-2.5353291034698486,0
687,43054703,400,400,False,6,14,-6.982369422912598,0
687,40094786,188,188,False,7,26,-8.844135284423828,0
687,4701662,314,314,False,8,24,-8.624013900756836,0
687,6190603,211,211,False,9,30,-9.093788146972656,0
687,43752562,453,453,False,10,7,-4.624824523925781,0
687,11020675,450,450,False,11,27,-8.917280197143555,0
687,34537906,191,191,False,12,31,-9.115423202514648,0
687,6308416,341,341,False,13,42,-9.92699909210205,0
687,17685207,624,512,True,14,17,-7.677041053771973,0
687,35004872,318,318,False,15,32,-9.320009231567383,0
687,19770974,210,210,False,16,33,-9.382194519042969,0
687,30861948,432,432,False,17,6,-4.2729339599609375,0
687,5914739,324,324,False,18,9,-5.391579627990723,0
687,2947540,228,228,False,19,2,-2.0403780937194824,0
687,10518721,166,166,False,20,46,-10.353721618652344,0
687,935034,294,294,False,21,47,-10.366153717041016,0
687,18126445,338,338,False,22,15,-7.264233112335205,0
687,797114,226,226,False,23,28,-8.917844772338867,0
687,9063688,168,168,False,24,34,-9.470221519470215,0
687,1539159,141,141,False,25,44,-10.08199691772461,0
687,8997410,341,341,False,26,41,-9.90391731262207,0
687,37362689,261,261,False,27,11,-6.182755470275879,0
687,7643848,186,186,False,28,21,-8.165822982788086,0
687,13492264,402,402,False,29,10,-5.673651218414307,0
687,26374799,378,378,False,30,19,-7.975874423980713,0
687,2033917,268,268,False,31,37,-9.834920883178711,0
687,42035464,452,452,False,32,39,-9.877211570739746,0
687,19138874,214,214,False,33,18,-7.868185043334961,0
687,26993601,201,201,False,34,43,-10.06490421295166,0
687,7481159,369,369,False,35,36,-9.660602569580078,0
687,34735369,211,211,False,36,25,-8.753418922424316,0
687,11661377,114,114,False,37,49,-10.392569541931152,0
687,29641682,245,245,False,38,12,-6.303219795227051,0
687,4389252,280,280,False,39,45,-10.087668418884277,0
687,13411519,506,506,False,40,16,-7.474350929260254,0
687,40667577,256,256,False,41,38,-9.862310409545898,0
687,7468449,358,358,False,42,48,-10.379883766174316,0
687,25623469,364,364,False,43,13,-6.510234355926514,0
687,8396189,347,347,False,44,40,-9.87806510925293,0
687,3896759,187,187,False,45,29,-8.997913360595703,0
687,6219790,243,243,False,46,35,-9.540552139282227,0
687,3506723,155,155,False,47,20,-8.032794952392578,0
687,36651210,404,404,False,48,23,-8.477545738220215,0
687,34034749,201,201,False,49,50,-10.840617179870605,0
687,26612216,429,429,False,50,22,-8.2175931930542,0
667,6493422,252,252,False,1,1,6.335461616516113,1
667,14407673,613,512,True,2,10,2.5826265811920166,0
667,44724517,229,229,False,3,2,5.779254913330078,0
667,5979056,338,338,False,4,5,3.666996717453003,0
667,44801733,155,155,False,5,8,2.7725117206573486,0
667,7948486,416,416,False,6,3,4.142440319061279,0
667,32101982,282,282,False,7,4,3.7828922271728516,0
667,22997657,312,312,False,8,12,1.19011390209198,0
667,33068577,452,452,False,9,7,3.00085711479187,0
667,2316374,491,491,False,10,18,0.5580416321754456,0
667,12582729,495,495,False,11,9,2.7500176429748535,0
667,30908508,546,512,True,12,19,0.14705103635787964,0
667,22150633,314,314,False,13,11,1.3794963359832764,0
667,7581911,359,359,False,14,35,-3.825387477874756,0
667,25148216,477,477,False,15,6,3.5644690990448,0
667,22153455,420,420,False,16,13,0.9455481767654419,0
667,10354110,194,194,False,17,24,-1.6770849227905273,0
667,54561384,282,282,False,18,31,-3.3717875480651855,0
667,4387494,451,451,False,19,26,-2.435810089111328,0
667,20690388,375,375,False,20,23,-1.6373794078826904,0
667,11951999,503,503,False,21,30,-3.2755298614501953,0
667,19510470,229,229,False,22,33,-3.6783649921417236,0
667,38944245,397,397,False,23,14,0.9429545402526855,0
667,39506601,362,362,False,24,16,0.6353975534439087,0
667,14386505,387,387,False,25,21,-0.7641251087188721,0
667,10795340,376,376,False,26,41,-5.472975730895996,0
667,37248765,264,264,False,27,48,-8.284595489501953,0
667,35062452,329,329,False,28,25,-1.9512284994125366,0
667,5836,414,414,False,29,36,-3.9907419681549072,0
667,2452989,280,280,False,30,15,0.9293981790542603,0
667,279052,153,153,False,31,49,-8.463772773742676,0
667,18489989,353,353,False,32,20,-0.24322563409805298,0
667,2030623,397,397,False,33,34,-3.723182439804077,0
667,41877386,540,512,True,34,17,0.6035429239273071,0
667,30933307,277,277,False,35,29,-3.1496083736419678,0
667,8610932,212,212,False,36,45,-6.613375186920166,0
667,26873988,227,227,False,37,42,-6.108976364135742,0
667,17708753,463,463,False,38,39,-4.489978790283203,0
667,16745747,380,380,False,39,50,-9.399162292480469,0
667,18998807,266,266,False,40,28,-2.819489002227783,0
667,11902109,351,351,False,41,38,-4.278034687042236,0
667,18447487,360,360,False,42,27,-2.705366611480713,0
667,3981033,364,364,False,43,44,-6.471020221710205,0
667,6315132,366,366,False,44,22,-0.8305768370628357,0
667,17829012,277,277,False,45,43,-6.264381408691406,0
667,3321943,286,286,False,46,37,-4.000992774963379,0
667,27306942,427,427,False,47,32,-3.391470193862915,0
667,6784372,227,227,False,48,47,-7.688288688659668,0
667,44562221,405,405,False,49,40,-5.067349433898926,0
667,29347970,259,259,False,50,46,-6.876009464263916,0
671,5573975,401,401,False,1,1,3.854398250579834,1
671,25928548,332,332,False,2,2,-0.7954416275024414,0
671,2973910,316,316,False,3,18,-5.115145683288574,0
671,5172048,342,342,False,4,14,-4.607779502868652,0
671,6076903,296,296,False,5,26,-6.13508415222168,0
671,38727075,387,387,False,6,17,-5.091799736022949,0
671,11831598,367,367,False,7,33,-6.9689741134643555,0
671,39291138,1257,512,True,8,24,-6.008719444274902,0
671,24496245,302,302,False,9,10,-4.2637434005737305,0
671,49556906,339,339,False,10,21,-5.8422136306762695,0
671,22621251,521,512,True,11,30,-6.340836524963379,0
671,3619931,339,339,False,12,13,-4.399046897888184,0
671,10703001,281,281,False,13,7,-3.7244038581848145,0
671,39164524,364,364,False,14,28,-6.2455034255981445,0
671,712078,409,409,False,15,22,-5.869925022125244,0
671,11535539,429,429,False,16,41,-7.559743881225586,0
671,3701541,281,281,False,17,27,-6.181358337402344,0
671,14492964,212,212,False,18,39,-7.47231388092041,0
671,8446259,456,456,False,19,23,-5.898715019226074,0
671,1800734,353,353,False,20,44,-7.84230375289917,0
671,5633876,307,307,False,21,31,-6.631308555603027,0
671,24640046,612,512,True,22,32,-6.746208190917969,0
671,3984231,484,484,False,23,11,-4.270266056060791,0
671,40349336,292,292,False,24,12,-4.3464860916137695,0
671,22800314,412,412,False,25,4,-2.443145275115967,0
671,37205759,462,462,False,26,16,-4.84251594543457,0
671,19708993,402,402,False,27,43,-7.8017048835754395,0
671,34733465,484,484,False,28,19,-5.288795471191406,0
671,6280907,369,369,False,29,9,-4.237420558929443,0
671,368506,317,317,False,30,45,-7.8566179275512695,0
671,34439544,863,512,True,31,25,-6.0785322189331055,0
671,11428884,345,345,False,32,3,-1.7418420314788818,0
671,32101982,293,293,False,33,5,-3.1012539863586426,0
671,26008063,376,376,False,34,15,-4.759770393371582,0
671,43661837,351,351,False,35,46,-8.542119979858398,0
671,28724565,416,416,False,36,35,-7.13169002532959,0
671,21114100,295,295,False,37,49,-9.672730445861816,0
671,12130690,494,494,False,38,6,-3.3692514896392822,0
671,4345315,413,413,False,39,29,-6.338683605194092,0
671,14296612,418,418,False,40,42,-7.621324062347412,0
671,30861948,440,440,False,41,38,-7.462186336517334,0
671,21258863,412,412,False,42,20,-5.2901763916015625,0
671,3504761,445,445,False,43,8,-3.74979305267334,0
671,39763465,255,255,False,44,50,-10.425702095031738,0
671,19565018,199,199,False,45,47,-8.681976318359375,0
671,11868606,298,298,False,46,37,-7.363848686218262,0
671,19822046,366,366,False,47,36,-7.274785041809082,0
671,5403286,158,158,False,48,34,-7.128676891326904,0
671,44500794,359,359,False,49,40,-7.480678081512451,0
671,28468276,283,283,False,50,48,-8.866288185119629,0
461,40096222,352,352,False,1,1,2.2918601036071777,1
461,2604063,277,277,False,2,26,-8.414412498474121,0
461,15578265,383,383,False,3,4,-5.903393745422363,0
461,32454714,357,357,False,4,23,-8.138444900512695,0
461,4492358,372,372,False,5,8,-6.528439998626709,0
461,13714201,455,455,False,6,12,-7.097179412841797,0
461,41165286,312,312,False,7,36,-10.184747695922852,0
461,6372244,272,272,False,8,9,-6.582802772521973,0
461,52805891,456,456,False,9,2,-4.922327995300293,0
461,34603465,242,242,False,10,20,-7.754446983337402,0
461,21956124,389,389,False,11,24,-8.254705429077148,0
461,20829129,341,341,False,12,30,-8.833267211914062,0
461,12658073,492,492,False,13,14,-7.241234302520752,0
461,20942644,287,287,False,14,22,-8.033143997192383,0
461,25571386,485,485,False,15,35,-10.15130615234375,0
461,11921405,334,334,False,16,33,-9.83879280090332,0
461,41120293,156,156,False,17,38,-10.53703498840332,0
461,42693833,271,271,False,18,39,-10.589941024780273,0
461,5572127,413,413,False,19,13,-7.130049705505371,0
461,33684572,475,475,False,20,19,-7.612300872802734,0
461,11915280,253,253,False,21,16,-7.50811767578125,0
461,5922085,262,262,False,22,41,-10.763805389404297,0
461,10675756,426,426,False,23,43,-10.934335708618164,0
461,1387654,197,197,False,24,48,-11.070080757141113,0
461,27772649,351,351,False,25,40,-10.669757843017578,0
461,12948892,322,322,False,26,37,-10.29116439819336,0
461,13573143,376,376,False,27,27,-8.414680480957031,0
461,36082224,178,178,False,28,10,-6.924921989440918,0
461,13481880,265,265,False,29,46,-11.04738998413086,0
461,33918970,364,364,False,30,21,-7.826336860656738,0
461,712078,399,399,False,31,28,-8.498882293701172,0
461,12943966,481,481,False,32,17,-7.553503036499023,0
461,13791788,211,211,False,33,49,-11.217220306396484,0
461,2565138,381,381,False,34,6,-6.174870491027832,0
461,14362678,289,289,False,35,5,-5.980530738830566,0
461,24307695,308,308,False,36,25,-8.315634727478027,0
461,15274349,406,406,False,37,50,-11.225031852722168,0
461,1265945,298,298,False,38,44,-10.973627090454102,0
461,21369472,240,240,False,39,3,-5.752455711364746,0
461,21060008,443,443,False,40,45,-11.030972480773926,0
461,9614443,533,512,True,41,31,-9.158870697021484,0
461,40349336,282,282,False,42,11,-7.03614616394043,0
461,52824661,383,383,False,43,15,-7.485811710357666,0
461,25576204,320,320,False,44,18,-7.556178569793701,0
461,1471041,375,375,False,45,42,-10.800071716308594,0
461,3828508,450,450,False,46,34,-10.145570755004883,0
461,29689140,320,320,False,47,7,-6.283891677856445,0
461,14729253,537,512,True,48,32,-9.464237213134766,0
461,4447785,231,231,False,49,47,-11.06478214263916,0
461,29023309,312,312,False,50,29,-8.708786010742188,0
454,4200695,608,512,True,1,1,4.4600372314453125,1
454,38493521,621,512,True,2,4,-4.409697532653809,0
454,17691617,473,473,False,3,12,-6.7113752365112305,0
454,40631095,466,466,False,4,2,-2.599954128265381,0
454,53779698,226,226,False,5,3,-3.963801383972168,0
454,2028532,429,429,False,6,5,-5.592618465423584,0
454,21053753,320,320,False,7,36,-9.312211036682129,0
454,38882175,422,422,False,8,49,-10.216413497924805,0
454,41161366,235,235,False,9,14,-7.1599273681640625,0
454,25761154,302,302,False,10,30,-8.785043716430664,0
454,2825340,288,288,False,11,17,-7.44357967376709,0
454,2820454,438,438,False,12,8,-6.0316572189331055,0
454,69045262,347,347,False,13,48,-10.038862228393555,0
454,40817021,512,512,False,14,9,-6.325270652770996,0
454,7198295,353,353,False,15,41,-9.51423168182373,0
454,44586415,315,315,False,16,39,-9.450122833251953,0
454,27711043,367,367,False,17,34,-9.175121307373047,0
454,24634621,485,485,False,18,6,-5.664078712463379,0
454,36721932,492,492,False,19,28,-8.75955581665039,0
454,14724693,704,512,True,20,37,-9.380379676818848,0
454,2891825,339,339,False,21,50,-10.248456954956055,0
454,13027590,623,512,True,22,23,-8.305051803588867,0
454,8604837,289,289,False,23,26,-8.602062225341797,0
454,5586392,324,324,False,24,47,-9.833953857421875,0
454,24865781,237,237,False,25,22,-7.898007392883301,0
454,21957231,355,355,False,26,38,-9.397043228149414,0
454,20696397,453,453,False,27,43,-9.580398559570312,0
454,19529370,440,440,False,28,31,-8.788034439086914,0
454,6767133,440,440,False,29,33,-8.935566902160645,0
454,1360607,373,373,False,30,40,-9.48949146270752,0
454,21767325,216,216,False,31,20,-7.750060081481934,0
454,6191684,556,512,True,32,15,-7.375425338745117,0
454,6841927,380,380,False,33,27,-8.673775672912598,0
454,6625693,339,339,False,34,7,-5.874577045440674,0
454,10666475,399,399,False,35,35,-9.228902816772461,0
454,14118484,325,325,False,36,44,-9.681461334228516,0
454,2335873,366,366,False,37,13,-7.143712520599365,0
454,41976370,499,499,False,38,19,-7.620059013366699,0
454,4164929,267,267,False,39,11,-6.681029319763184,0
454,8596837,421,421,False,40,42,-9.575464248657227,0
454,11933721,408,408,False,41,21,-7.869543552398682,0
454,19182166,411,411,False,42,24,-8.520148277282715,0
454,5687200,662,512,True,43,32,-8.848773956298828,0
454,39892135,459,459,False,44,16,-7.42778205871582,0
454,42950029,156,156,False,45,46,-9.72842788696289,0
454,25301182,670,512,True,46,10,-6.4621686935424805,0
454,26107000,437,437,False,47,25,-8.586949348449707,0
454,116556376,455,455,False,48,45,-9.722352981567383,0
454,52175065,682,512,True,49,18,-7.503979682922363,0
454,30292811,368,368,False,50,29,-8.776590347290039,0
